id,class,first_frame,last_frame
3,car,3,11
5,car,3,33
6,car,3,144
9,truck,4,8
15,car,6,15
16,car,8,19
22,car,11,20
24,truck,12,39
29,truck,15,106
32,car,20,62
37,bus,27,58
42,car,33,41
45,car,38,41
46,car,38,65
47,car,40,45
48,car,41,51
49,car,42,62
50,car,43,76
53,car,45,108
54,car,46,48
55,car,46,52
58,bus,47,132
59,car,47,63
60,car,48,74
61,car,48,54
62,car,50,59
68,car,57,63
69,car,57,64
73,car,60,89
76,car,62,75
79,car,64,67
80,car,64,77
81,car,65,68
82,car,66,102
84,car,67,72
87,car,69,77
88,car,69,73
90,car,70,78
93,truck,73,82
94,bus,76,96
97,truck,81,134
101,car,84,90
103,car,87,89
104,car,87,198
105,car,88,107
106,truck,88,122
108,car,90,99
109,car,91,96
113,car,92,98
116,car,93,121
117,car,93,98
119,car,94,108
121,car,95,102
124,car,99,104
126,car,100,183
127,car,101,154
128,truck,102,108
129,truck,103,175
132,truck,110,395
138,truck,115,157
143,truck,126,148
144,car,127,130
146,truck,129,239
148,car,147,156
150,truck,151,190
151,car,152,164
153,car,154,168
154,car,154,223
155,car,155,168
157,car,157,161
160,car,158,169
161,car,162,170
162,car,163,175
169,car,172,176
173,car,174,192
174,car,176,184
177,car,179,205
179,car,179,314
180,car,180,197
181,car,181,210
183,car,184,217
186,car,188,209
189,car,191,221
191,car,191,197
195,car,196,202
200,car,197,242
202,car,199,220
209,bus,209,234
214,car,218,222
215,car,218,224
217,car,222,226
218,car,223,234
221,car,226,237
224,car,229,258
226,car,230,233
228,car,233,237
229,car,233,242
232,car,233,252
235,car,238,282
239,car,241,251
240,car,241,247
243,car,243,245
247,car,246,255
249,car,247,264
251,car,249,260
253,car,250,279
254,car,251,255
257,car,253,265
259,car,256,283
260,car,259,355
261,car,261,278
265,car,269,282
266,car,271,316
268,truck,273,347
271,car,275,400
272,car,276,288
273,car,276,313
274,car,280,282
275,car,280,310
278,car,283,287
281,car,285,319
282,car,285,300
284,car,287,295
288,car,289,317
291,car,289,307
292,car,290,301
294,car,292,306
295,car,293,339
300,car,297,305
304,car,303,330
309,car,307,316
310,car,308,389
317,car,312,363
318,car,312,324
323,car,317,327
324,car,318,368
327,car,319,323
335,car,325,327
336,car,329,377
340,car,334,362
343,car,337,375
345,car,339,367
347,car,341,361
348,car,343,379
350,car,346,366
352,car,348,372
353,car,350,390
362,car,361,386
365,car,365,481
367,car,369,407
368,car,370,412
371,car,371,393
374,truck,372,414
384,car,380,408
389,car,385,400
390,car,385,391
392,car,386,407
394,car,389,430
396,car,392,503
398,car,395,421
400,car,395,413
404,car,399,415
408,car,401,434
410,car,403,430
415,car,412,419
417,truck,413,446
419,car,416,419
422,truck,427,554
427,truck,434,469
428,car,435,443
429,car,439,445
431,car,441,467
436,car,447,452
437,car,448,468
442,truck,453,470
443,car,453,520
448,car,456,481
450,car,457,462
452,car,460,476
454,car,465,489
457,car,469,501
459,car,471,493
460,car,472,477
462,car,473,505
463,car,475,488
464,car,475,488
465,truck,477,487
467,car,479,510
468,car,481,534
470,car,482,498
473,car,488,506
475,car,489,497
477,car,492,510
478,truck,492,562
479,car,493,519
480,car,493,528
482,car,496,517
483,car,497,505
485,car,499,505
487,car,500,507
489,truck,504,517
491,car,505,518
493,car,507,514
501,car,513,519
506,car,517,653
510,car,521,541
511,car,522,570
512,car,523,592
513,car,524,533
514,car,524,530
516,car,526,600
517,car,526,553
521,car,530,576
523,car,534,539
525,car,537,560
527,car,539,572
528,car,542,549
534,car,546,678
536,car,549,576
540,car,556,581
542,truck,560,613
543,car,561,715
551,truck,570,736
554,car,579,621
556,car,585,631
560,car,589,654
566,car,595,643
568,truck,598,654
570,car,600,637
576,car,606,615
580,car,612,642
582,car,615,657
587,car,629,668
588,car,629,637
589,car,629,659
590,car,633,638
592,car,635,672
593,car,635,674
595,car,642,675
597,car,644,651
600,car,646,683
602,car,648,656
604,car,650,673
608,car,653,658
609,car,653,677
612,car,657,690
615,car,661,670
616,car,662,685
618,car,666,681
622,car,673,679
623,car,674,683
624,car,677,726
625,car,678,703
628,car,683,709
629,car,683,723
634,car,688,733
638,car,693,741
642,car,695,724
646,car,700,707
647,car,700,705
651,car,704,714
654,car,705,716
657,car,707,716
661,car,708,719
664,car,710,716
667,car,711,717
668,car,713,716
670,truck,714,725
674,car,715,720
675,car,715,721
677,car,719,751
679,car,720,759
680,car,721,735
684,car,723,732
686,truck,725,732
696,car,733,751
697,car,733,743
700,car,736,877
702,car,738,753
709,car,743,750
712,car,746,762
713,car,746,749
716,car,750,757
719,car,751,772
721,car,753,769
723,car,753,777
726,car,755,764
727,car,756,778
733,car,763,782
735,car,764,769
736,car,766,795
737,car,768,780
738,car,768,787
741,car,769,774
744,car,772,798
746,car,773,915
748,car,774,816
751,car,777,817
755,car,783,786
759,truck,791,832
763,truck,796,838
768,car,805,832
770,car,807,829
771,car,809,822
772,car,809,814
774,truck,812,856
776,car,813,825
782,car,820,831
785,car,821,847
786,car,822,850
787,car,825,852
788,car,825,939
789,car,835,841
791,car,839,884
792,car,843,858
796,car,844,853
798,car,845,872
801,car,848,852
802,car,848,874
807,car,852,892
808,car,855,891
809,car,855,868
816,car,860,876
819,car,861,877
821,car,862,868
822,car,863,887
823,car,864,899
826,car,872,877
827,car,873,882
828,car,874,885
829,car,875,890
830,car,877,879
833,car,881,899
840,car,888,910
841,car,889,906
842,car,889,895
843,car,889,914
845,car,893,901
846,car,893,909
849,car,895,901
850,car,895,906
852,car,898,907
853,car,899,931
856,car,901,922
864,truck,909,915
865,car,912,921
868,car,916,925
869,truck,916,943
878,car,923,939
879,car,923,939
883,car,924,963
887,car,929,940
892,car,931,943
895,car,933,956
898,car,934,951
899,truck,935,942
901,car,937,971
903,truck,938,948
905,car,939,1039
907,car,940,955
913,car,946,970
918,car,949,973
923,car,952,959
924,car,952,961
925,car,952,961
931,car,959,974
932,car,960,974
933,car,963,971
934,car,964,973
935,car,964,971
938,car,967,977
940,car,968,975
942,car,970,983
943,car,971,983
945,car,977,997
946,car,978,982
947,car,983,986
949,car,986,1000
950,car,986,993
952,car,988,1002
953,car,991,994
955,car,995,998
956,car,996,1014
958,car,999,1009
959,car,1000,1004
960,car,1005,1013
964,car,1006,1018
966,car,1007,1016
968,car,1008,1017
971,car,1013,1017
973,car,1013,1032
977,car,1017,1031
979,car,1019,1025
981,car,1019,1070
983,car,1022,1027
984,car,1022,1029
986,car,1024,1036
987,car,1024,1043
988,truck,1025,1039
990,car,1028,1035
991,car,1028,1034
992,car,1029,1032
995,car,1031,1047
997,car,1033,1041
1001,car,1035,1047
1003,bus,1039,1068
1007,truck,1043,1127
1009,car,1044,1078
1011,car,1048,1068
1013,car,1049,1059
1014,car,1051,1056
1017,car,1056,1092
1023,truck,1058,1065
1025,car,1060,1072
1026,car,1062,1072
1030,truck,1067,1079
1031,car,1067,1081
1036,car,1074,1088
1041,car,1076,1079
1043,car,1077,1083
1044,car,1077,1091
1047,car,1080,1088
1051,car,1081,1093
1053,car,1085,1094
1054,car,1086,1090
1056,car,1089,1099
1058,truck,1090,1101
1060,car,1090,1099
1065,car,1097,1102
1066,car,1098,1140
1067,car,1098,1106
1069,car,1101,1126
1070,car,1102,1111
1073,car,1103,1124
1075,car,1105,1116
1076,car,1106,1114
1080,car,1109,1123
1082,car,1111,1117
1084,car,1112,1127
1085,car,1115,1127
1086,car,1116,1121
1087,car,1117,1121
1094,car,1125,1133
1096,car,1128,1137
1098,car,1129,1347
1100,truck,1131,1138
1101,car,1135,1144
1102,truck,1137,1167
1104,car,1138,1150
1105,car,1139,1141
1113,car,1143,1156
1114,car,1143,1151
1115,truck,1144,1152
1116,truck,1144,1165
1119,car,1146,1187
1120,car,1146,1162
1121,car,1147,1186
1122,car,1147,1157
1123,car,1148,1154
1124,car,1150,1171
1126,car,1153,1163
1131,car,1156,1165
1132,car,1159,1175
1136,car,1164,1191
1142,car,1170,1188
1144,car,1172,1183
1145,car,1172,1180
1146,car,1175,1179
1148,car,1176,1187
1149,car,1176,1197
1150,car,1178,1198
1151,truck,1178,1201
1152,car,1179,1184
1154,car,1181,1191
1157,car,1182,1193
1162,car,1189,1194
1169,truck,1194,1219
1170,car,1194,1202
1171,car,1195,1213
1172,car,1196,1209
1176,car,1200,1208
1179,car,1203,1210
1183,car,1205,1285
1187,car,1208,1232
1189,car,1210,1248
1191,car,1210,1217
1192,car,1211,1224
1194,car,1216,1243
1196,car,1219,1232
1198,car,1221,1241
1204,car,1226,1286
1205,car,1229,1235
1207,truck,1230,1295
1209,car,1234,1238
1210,car,1236,1277
1215,car,1243,1259
1216,car,1244,1260
1220,car,1248,1278
1224,car,1251,1297
1225,car,1252,1257
1226,car,1253,1282
1230,car,1257,1291
1231,car,1257,1269
1234,car,1262,1295
1235,car,1263,1296
1238,car,1267,1290
1239,car,1270,1289
1240,truck,1277,1306
1243,truck,1281,1377
1246,car,1287,1295
1249,car,1291,1302
1251,car,1295,1346
1252,car,1295,1300
1253,car,1299,1312
1254,car,1299,1305
1258,car,1303,1338
1260,car,1306,1322
1266,car,1313,1322
1269,car,1316,1319
1270,car,1316,1324
1272,car,1319,1346
1273,car,1320,1332
1275,car,1322,1324
1276,truck,1323,1433
1281,truck,1333,1412
1286,truck,1339,1438
1289,car,1348,1376
1293,car,1352,1366
1298,car,1360,1399
1302,car,1367,1375
1304,car,1368,1401
1306,car,1369,1378
1308,car,1372,1412
1311,car,1374,1407
1313,car,1375,1386
1316,car,1378,1408
1319,car,1381,1412
1322,car,1384,1408
1329,car,1389,1488
1334,car,1390,1406
1338,car,1393,1442
1342,car,1396,1425
1347,bus,1406,1431
1349,car,1408,1420
1350,car,1408,1413
1355,car,1417,1424
1356,truck,1418,1446
1359,car,1421,1443
1360,car,1422,1431
1362,car,1422,1470
1364,car,1424,1443
1366,car,1426,1451
1368,car,1427,1439
1369,car,1427,1482
1370,truck,1428,1492
1371,truck,1430,1494
1372,bus,1431,1459
1374,bus,1434,1519
1377,truck,1435,1438
1382,car,1438,1469
1384,car,1439,1450
1387,car,1442,1450
1390,car,1446,1482
1391,car,1448,1458
1394,car,1449,1454
1395,car,1450,1464
1398,car,1453,1460
1399,car,1454,1463
1400,car,1455,1493
1402,car,1456,1460
1403,car,1457,1472
1409,car,1466,1473
1410,car,1467,1632
1412,truck,1470,1572
1415,car,1474,1492
1417,car,1478,1564
1418,car,1479,1508
1419,truck,1481,1506
1420,car,1481,1522
1422,car,1483,1485
1423,car,1483,1485
1425,car,1486,1516
1429,car,1490,1518
1434,car,1498,1503
1441,truck,1506,1550
1442,car,1507,1620
1443,truck,1511,1540
1444,car,1512,1531
1453,car,1520,1532
1454,truck,1524,1529
1455,car,1525,1533
1458,car,1528,1693
1459,truck,1529,1635
1460,car,1530,1539
1462,truck,1530,1625
1463,car,1535,1540
1466,car,1538,1557
1467,car,1541,1553
1469,car,1543,1576
1471,car,1545,1559
1474,car,1548,1554
1475,car,1548,1551
1477,car,1550,1574
1478,car,1550,1563
1479,truck,1551,1553
1480,car,1552,1639
1481,car,1553,1560
1482,car,1553,1563
1484,car,1558,1574
1486,car,1560,1567
1488,car,1561,1564
1489,car,1563,1570
1491,truck,1568,1737
1493,car,1573,1582
1498,car,1584,1597
1499,car,1585,1590
1501,car,1589,1635
1503,car,1592,1609
1504,truck,1593,1694
1506,car,1604,1640
1515,car,1621,1669
1517,car,1623,1637
1520,car,1627,1682
1522,car,1630,1650
1524,bus,1636,1646
1532,truck,1641,1663
1533,car,1643,1811
1534,car,1644,1650
1538,car,1646,1660
1540,car,1647,1675
1543,truck,1649,1680
1544,car,1652,1660
1546,car,1655,1662
1548,car,1656,1660
1549,car,1656,1736
1550,car,1661,1688
1552,car,1661,1683
1553,car,1661,1674
1554,car,1662,1689
1562,car,1668,1702
1569,car,1674,1702
1570,car,1675,1688
1573,car,1678,1684
1574,car,1680,1682
1578,car,1682,1732
1585,truck,1690,1694
1587,truck,1690,1787
1594,car,1695,1730
1597,car,1697,1718
1599,car,1697,1721
1600,car,1697,1754
1606,car,1705,1730
1607,truck,1706,1741
1610,car,1708,1715
1614,bus,1714,1788
1621,bus,1726,1799
1624,bus,1736,1855
1625,car,1737,1767
1626,car,1741,1767
1631,car,1746,1774
1632,car,1749,1796
1633,truck,1749,1806
1635,car,1754,1856
1642,car,1763,1783
1643,car,1765,1836
1644,car,1766,1799
1645,car,1768,1851
1658,car,1781,1801
1664,car,1798,1841
1666,car,1800,1803
1667,car,1800,1826
1668,truck,1800,1853
1669,car,1803,1809
1673,car,1807,1811
1674,car,1808,1822
1676,car,1811,1844
1684,car,1816,1858
1690,car,1819,1840
1692,car,1820,1926
1693,car,1824,1849
1697,car,1826,1830
1698,car,1826,1858
1701,car,1830,1838
1709,car,1837,1850
1714,car,1838,1946
1715,car,1839,1854
1718,truck,1842,1851
1720,car,1844,1855
1725,truck,1851,1874
1727,car,1854,1869
1730,truck,1857,1864
1734,truck,1859,1873
1735,truck,1859,1869
1736,car,1860,1871
1739,car,1864,2006
1743,car,1869,1875
1744,car,1869,1914
1745,car,1869,1903
1747,car,1871,1882
1755,car,1878,1895
1756,car,1879,1885
1757,car,1883,1888
1758,car,1885,1902
1759,car,1887,1894
1760,car,1887,1909
1761,car,1888,1928
1762,car,1889,1903
1765,car,1892,1919
1767,car,1894,1915
1770,truck,1895,1898
1772,car,1896,1910
1773,car,1897,1905
1776,car,1900,1913
1780,truck,1903,1933
1786,bus,1908,1932
1787,bus,1917,1934
1788,truck,1919,1946
1790,car,1921,1936
1795,car,1924,1928
1796,car,1925,1948
1798,car,1928,1932
1801,car,1929,1935
1803,car,1930,1963
1804,car,1931,1948
1808,car,1936,1946
1813,car,1939,1941
1814,car,1940,1957
1817,car,1942,1947
1820,car,1943,1949
1821,car,1945,1955
1823,car,1946,1950
1831,car,1949,1971
1832,car,1949,1985
1833,car,1949,1956
1835,car,1951,1963
1837,car,1952,1955
1838,truck,1953,1958
1839,car,1953,1964
1846,car,1962,1998
1851,car,1965,1967
1853,truck,1966,2005
1856,car,1968,1984
1865,car,1978,2004
1866,car,1981,1992
1869,car,1984,1990
1871,car,1988,2010
1879,car,1993,2001
1881,car,1994,2004
1884,truck,1996,2027
1888,truck,2000,2099
1889,car,2002,2008
1892,truck,2006,2015
1895,car,2010,2022
1896,truck,2012,2038
1898,car,2016,2038
1899,car,2020,2051
1902,car,2024,2038
1904,car,2028,2034
1905,truck,2032,2070
1906,truck,2038,2084
1907,car,2041,2083
1908,car,2043,2060
1910,car,2044,2064
1911,car,2046,2075
1912,car,2047,2105
1914,car,2050,2073
1917,car,2052,2070
1920,car,2055,2147
1921,car,2057,2073
1922,car,2058,2062
1923,car,2062,2068
1925,car,2064,2148
1926,car,2065,2078
1929,car,2068,2078
1931,car,2071,2082
1933,car,2073,2103
1935,car,2073,2163
1936,car,2075,2177
1937,car,2075,2109
1939,car,2082,2094
1941,car,2083,2096
1943,car,2087,2160
1955,car,2103,2114
1956,car,2103,2121
1957,car,2104,2106
1958,car,2105,2110
1960,truck,2106,2188
1967,car,2116,2152
1970,car,2122,2127
1971,car,2122,2133
1972,car,2124,2142
1974,car,2127,2136
1978,car,2133,2139
1980,car,2137,2145
1981,car,2138,2141
1987,car,2143,2165
1988,car,2144,2154
1989,car,2144,2151
1995,car,2149,2174
1998,car,2150,2160
2003,car,2152,2163
2004,car,2153,2165
2013,car,2157,2168
2016,car,2160,2172
2017,truck,2160,2182
2019,car,2163,2171
2022,car,2171,2192
2027,car,2179,2189
2029,car,2183,2198
2032,car,2188,2209
2033,car,2189,2194
2037,car,2193,2206
2038,car,2194,2201
2040,car,2195,2202
2042,car,2200,2211
2043,car,2200,2229
2044,car,2202,2243
2049,car,2204,2240
2051,car,2205,2233
2053,car,2207,2227
2054,car,2210,2258
2058,car,2215,2239
2059,truck,2216,2227
2064,car,2219,2221
2067,car,2221,2249
2068,car,2222,2271
2069,car,2223,2236
2071,car,2224,2237
2073,car,2225,2238
2074,truck,2226,2252
2076,car,2233,2243
2077,car,2233,2237
2081,car,2235,2262
2083,car,2238,2267
2084,car,2238,2289
2087,car,2240,2280
2089,car,2240,2246
2090,car,2241,2275
2091,car,2242,2450
2094,car,2245,2268
2100,car,2250,2257
2106,car,2257,2271
2108,car,2263,2336
2110,truck,2268,2359
2112,truck,2277,2307
2113,car,2279,2308
2114,bus,2280,2334
2116,car,2285,2299
2118,truck,2288,2313
2121,car,2294,2312
2122,truck,2297,2308
2128,car,2305,2312
2132,car,2309,2313
2134,car,2312,2332
2135,truck,2312,2337
2138,car,2316,2321
2139,car,2317,2322
2141,car,2321,2339
2143,car,2324,2339
2145,car,2324,2328
2146,truck,2325,2345
2148,truck,2326,2333
2149,car,2326,2336
2150,car,2327,2341
2151,truck,2327,2345
2159,car,2333,2338
2161,car,2333,2343
2165,car,2337,2356
2168,car,2341,2354
2170,car,2345,2362
2176,car,2349,2379
2180,car,2356,2399
2185,car,2359,2377
2186,car,2360,2376
2189,car,2365,2376
2190,car,2365,2371
2191,car,2366,2386
2192,car,2369,2380
2196,car,2372,2379
2199,truck,2377,2387
2200,car,2377,2396
2201,car,2377,2424
2202,car,2378,2382
2208,car,2385,2393
2209,bus,2386,2393
2212,car,2388,2394
2214,truck,2389,2413
2215,car,2389,2392
2221,car,2391,2403
2225,truck,2393,2398
2227,truck,2397,2500
2229,car,2400,2415
2231,car,2402,2411
2232,car,2405,2417
2236,car,2413,2438
2237,car,2413,2429
2238,car,2416,2436
2239,car,2416,2458
2240,truck,2417,2439
2243,car,2421,2433
2245,car,2422,2431
2247,car,2425,2429
2248,car,2426,2441
2252,car,2428,2440
2253,truck,2429,2454
2255,car,2431,2433
2256,car,2431,2440
2259,car,2434,2461
2264,car,2438,2441
2269,car,2444,2453
2270,truck,2444,2537
2275,car,2449,2471
2277,car,2450,2452
2281,car,2458,2469
2282,car,2458,2468
2283,car,2460,2475
2284,car,2460,2465
2286,car,2461,2473
2287,car,2464,2483
2289,car,2465,2471
2290,car,2466,2483
2292,car,2469,2482
2294,car,2469,2472
2295,car,2469,2550
2296,car,2470,2477
2302,truck,2476,2538
2304,car,2485,2497
2307,truck,2486,2491
2308,car,2487,2501
2309,car,2488,2496
2312,car,2493,2509
2315,car,2496,2578
2316,bus,2499,2503
2318,truck,2504,2622
2320,car,2509,2519
2327,car,2518,2536
2328,car,2518,2529
2329,car,2525,2555
2331,car,2527,2549
2332,car,2528,2547
2334,car,2529,2540
2338,car,2530,2535
2339,car,2530,2547
2342,car,2532,2554
2343,car,2534,2552
2344,car,2535,2563
2345,car,2535,2545
2346,car,2536,2548
2349,truck,2539,2546
2350,car,2539,2555
2352,car,2541,2555
2355,car,2542,2558
2356,car,2542,2556
2357,truck,2544,2593
2358,car,2544,2708
2359,car,2544,2578
2360,car,2545,2590
2361,car,2545,2549
2366,car,2548,2554
2370,truck,2552,2569
2374,car,2556,2593
2377,car,2565,2574
2380,car,2567,2572
2382,car,2569,2585
2384,car,2572,2681
2385,car,2573,2581
2389,car,2575,2586
2399,car,2580,2717
2400,car,2580,2597
2401,car,2581,2595
2404,car,2584,2730
2408,truck,2588,2620
2409,car,2589,2604
2411,car,2597,2609
2413,car,2599,2606
2417,car,2605,2619
2420,car,2607,2625
2424,car,2610,2648
2426,car,2614,2621
2428,car,2617,2645
2429,car,2618,2639
2431,car,2619,2728
2433,truck,2623,2632
2435,car,2625,2635
2436,car,2625,2629
2437,car,2627,2647
2438,car,2628,2669
2440,truck,2630,2675
2441,car,2631,2678
2444,car,2634,2674
2447,car,2635,2656
2449,car,2635,2759
2452,car,2640,2644
2454,car,2644,2649
2456,car,2648,2656
2459,car,2650,2666
2460,car,2651,2720
2462,car,2653,2752
2463,car,2655,2663
2464,car,2658,2717
2465,car,2662,2709
2468,car,2665,2674
2469,car,2667,2680
2473,car,2668,2802
2475,car,2669,2674
2476,car,2670,2700
2477,car,2671,2690
2485,car,2680,2704
2486,car,2686,2724
2491,car,2690,2733
2493,car,2692,2778
2495,truck,2695,2709
2496,car,2701,2716
2497,car,2704,2734
2501,car,2711,2755
2502,car,2718,2739
2504,car,2720,2725
2509,car,2724,2740
2511,car,2724,2743
2513,car,2731,2754
2514,car,2733,2759
2515,car,2734,2740
2516,car,2736,2753
2518,car,2738,2785
2519,car,2740,2758
2520,car,2741,2762
2521,car,2744,2753
2523,car,2746,2749
2526,car,2750,2773
2529,car,2751,2755
2531,car,2753,2776
2533,car,2756,2763
2534,car,2756,2778
2538,car,2760,2775
2539,car,2764,2799
2540,car,2766,2773
2541,car,2768,2771
2543,truck,2769,2796
2549,car,2774,2781
2552,car,2778,2798
2556,truck,2781,2816
2559,car,2782,2806
2561,car,2784,2795
2563,car,2787,2802
2565,car,2792,2808
2571,car,2794,2801
2573,car,2797,2829
2579,car,2804,2816
2581,car,2805,2808
2582,car,2806,2827
2584,car,2807,2833
2586,car,2810,2846
2590,car,2814,2841
2591,car,2814,2822
2595,car,2817,2834
2596,car,2818,2833
2598,car,2819,2826
2603,car,2829,2837
2604,car,2831,2843
2606,car,2834,2839
2607,car,2834,2842
2612,car,2837,2850
2613,car,2838,2861
2615,car,2841,2860
2619,car,2843,2861
2620,car,2843,2862
2628,truck,2851,2935
2631,bus,2853,3081
2633,car,2855,2861
2635,car,2857,2862
2638,car,2860,2866
2641,car,2862,2874
2642,car,2862,2882
2645,car,2864,2884
2646,truck,2865,2876
2647,car,2867,2873
2651,car,2873,2889
2656,car,2877,2882
2658,car,2878,2887
2660,car,2879,2899
2663,car,2882,2890
2664,car,2882,2900
2665,car,2883,2888
2666,truck,2884,2896
2667,car,2889,2923
2668,truck,2889,2956
2671,car,2893,2899
2675,car,2896,2904
2676,car,2898,2909
2678,truck,2899,2915
2683,truck,2902,2924
2685,car,2906,2922
2686,car,2907,2931
2688,car,2908,2913
2690,car,2911,2939
2696,car,2917,2948
2698,car,2917,2931
2701,car,2920,2933
2703,car,2923,2944
2704,car,2924,2929
2705,car,2924,2933
2710,car,2927,2950
2711,car,2929,2980
2715,car,2932,2960
2716,car,2933,2940
2717,car,2933,2939
2722,car,2939,2946
2723,car,2941,2962
2726,car,2944,2958
2727,car,2945,2949
2729,car,2948,2982
2732,car,2951,2956
2734,car,2951,2956
2735,car,2953,3035
2736,car,2953,2972
2737,car,2955,2964
2739,car,2957,2968
2740,truck,2958,2978
2741,car,2963,2981
2745,car,2965,2977
2746,truck,2965,2972
2749,car,2969,2982
2750,car,2970,2985
2753,car,2972,2981
2754,car,2972,2991
2755,car,2974,2987
2760,truck,2977,2982
2762,car,2978,2988
2764,car,2980,2994
2765,car,2981,2990
2766,car,2985,2990
2769,car,2987,3066
2772,bus,2988,3020
2777,car,2993,2998
2778,truck,2993,3105
2784,car,2999,3017
2785,car,3000,3010
2789,car,3005,3028
2790,car,3005,3073
2791,car,3007,3021
2798,car,3013,3017
2800,car,3015,3030
2801,car,3016,3023
2806,car,3019,3067
2810,car,3023,3036
2811,car,3025,3028
2813,car,3026,3037
2815,car,3027,3051
2818,car,3029,3040
2822,car,3030,3053
2826,car,3036,3053
2827,car,3036,3076
2828,car,3038,3048
2831,car,3040,3129
2832,car,3042,3071
2836,car,3044,3138
2839,car,3047,3056
2840,car,3049,3062
2841,car,3050,3095
2842,car,3051,3073
2843,car,3052,3058
2844,car,3053,3055
2847,car,3055,3075
2848,car,3057,3070
2855,car,3061,3065
2856,truck,3061,3074
2861,car,3064,3093
2862,car,3064,3076
2863,car,3064,3077
2864,car,3067,3069
2865,car,3070,3081
2871,car,3076,3093
2872,car,3077,3090
2877,car,3084,3099
2879,car,3086,3090
2880,car,3088,3108
2881,car,3089,3102
2884,car,3092,3170
2887,car,3095,3107
2888,car,3097,3210
2890,car,3098,3104
2892,car,3099,3168
2894,car,3101,3115
2895,car,3103,3113
2896,car,3103,3116
2897,car,3105,3126
2900,car,3107,3130
2902,car,3108,3113
2905,car,3110,3119
2906,car,3114,3130
2907,car,3115,3143
2908,car,3117,3167
2910,car,3120,3123
2912,car,3122,3130
2914,car,3124,3134
2919,car,3128,3160
2920,car,3128,3149
2921,car,3130,3136
2924,truck,3133,3138
2926,car,3134,3245
2929,car,3136,3140
2931,car,3137,3160
2932,car,3139,3168
2933,car,3140,3145
2936,car,3144,3148
2939,truck,3146,3163
2941,car,3147,3182
2942,car,3147,3152
2944,car,3150,3177
2948,car,3153,3170
2949,car,3153,3162
2951,car,3156,3167
2952,car,3158,3167
2954,bus,3159,3234
2958,car,3165,3193
2959,car,3167,3229
2962,car,3171,3176
2973,car,3186,3238
2975,truck,3187,3192
2976,car,3188,3245
2978,car,3192,3208
2980,car,3194,3222
2982,car,3196,3205
2984,car,3199,3246
2986,car,3203,3244
2990,car,3206,3210
2991,car,3206,3217
2993,truck,3208,3244
2995,car,3210,3281
2996,car,3211,3222
2999,car,3215,3252
3000,car,3215,3239
3004,car,3218,3234
3006,car,3219,3240
3007,car,3220,3266
3008,car,3221,3226
3012,car,3225,3243
3013,car,3225,3272
3018,car,3232,3242
3024,car,3238,3243
3028,car,3242,3249
3029,car,3243,3251
3034,car,3248,3276
3035,car,3249,3289
3036,car,3250,3279
3043,bus,3256,3304
3045,car,3262,3268
3046,truck,3265,3461
3047,car,3269,3323
3048,car,3269,3302
3049,car,3270,3295
3051,car,3272,3287
3053,truck,3274,3334
3057,car,3278,3340
3058,car,3279,3320
3059,car,3280,3295
3062,car,3283,3295
3064,car,3285,3312
3065,car,3285,3295
3067,car,3287,3292
3069,car,3291,3304
3070,car,3291,3311
3073,car,3293,3312
3077,car,3297,3343
3082,car,3301,3343
3089,car,3306,3343
3092,car,3308,3390
3093,car,3308,3328
3097,car,3311,3321
3098,car,3312,3363
3099,car,3313,3470
3104,car,3318,3387
3106,car,3320,3341
3111,car,3330,3337
3115,car,3338,3347
3116,car,3341,3357
3120,car,3345,3353
3121,car,3346,3359
3126,car,3349,3355
3127,car,3351,3420
3128,car,3352,3399
3129,car,3355,3370
3130,car,3357,3389
3131,car,3361,3377
3132,car,3362,3371
3133,car,3362,3468
3136,car,3365,3466
3138,car,3367,3395
3141,car,3373,3418
3145,car,3377,3381
3147,car,3379,3394
3150,car,3381,3437
3152,car,3386,3390
3154,car,3389,3400
3155,car,3390,3465
3157,car,3391,3449
3160,car,3393,3423
3164,car,3397,3412
3167,car,3398,3414
3172,car,3403,3497
3173,car,3404,3407
3176,car,3404,3416
3179,car,3406,3416
3181,car,3408,3428
3183,car,3408,3419
3184,car,3408,3429
3186,car,3411,3461
3187,car,3413,3577
3190,car,3415,3417
3191,car,3415,3431
3192,car,3415,3455
3194,car,3417,3452
3200,car,3423,3503
3202,car,3425,3447
3204,car,3427,3462
3205,car,3428,3459
3207,truck,3430,3517
3209,truck,3433,3466
3210,car,3433,3460
3213,car,3450,3479
3214,car,3452,3508
3215,truck,3452,3466
3220,car,3458,3479
3222,car,3460,3470
3223,car,3460,3472
3226,car,3461,3480
3231,car,3466,3541
3234,car,3471,3506
3238,car,3482,3493
3240,car,3488,3494
3241,car,3489,3541
3242,car,3490,3537
3244,car,3495,3499
3245,car,3496,3521
3246,car,3498,3566
3249,car,3503,3522
3250,car,3505,3512
3251,car,3509,3559
3253,car,3513,3595
3255,car,3514,3602
3260,car,3520,3527
3261,car,3522,3527
3264,car,3535,3582
3266,car,3539,3548
3270,truck,3548,3723
3279,car,3573,3617
3281,car,3573,3575
3285,car,3583,3610
3286,car,3583,3603
3287,car,3584,3591
3288,car,3585,3587
3289,car,3586,3627
3290,car,3586,3653
3292,car,3588,3599
3295,car,3593,3595
3298,car,3598,3698
3301,truck,3604,3775
3310,truck,3630,3733
3317,car,3642,3664
3319,truck,3642,3693
3323,car,3648,3697
3325,truck,3651,3662
3327,truck,3653,3668
3332,car,3657,3673
3333,car,3658,3691
3338,car,3662,3677
3340,car,3663,3694
3343,car,3669,3713
3344,car,3670,3679
3346,car,3672,3999
3350,car,3676,3700
3354,car,3681,3698
3356,car,3686,3694
3357,car,3687,3714
3358,car,3688,3700
3360,car,3691,3713
3363,truck,3696,3705
3364,car,3698,3761
3365,car,3698,3758
3366,car,3701,3719
3368,car,3701,3715
3369,car,3705,3712
3371,car,3707,3715
3373,truck,3713,3745
3376,truck,3716,3723
3377,car,3716,3729
3379,car,3718,3747
3380,car,3720,3724
3381,car,3721,3736
3383,car,3724,3736
3384,truck,3724,3747
3387,car,3727,3739
3388,car,3727,3735
3393,car,3730,3769
3396,car,3735,3750
3401,car,3737,3742
3402,truck,3737,3743
3404,truck,3742,3818
3405,car,3743,3754
3407,car,3746,3757
3413,car,3749,3776
3421,car,3756,3788
3424,car,3758,3764
3426,car,3758,3762
3428,car,3763,3771
3429,car,3764,3834
3430,car,3766,3793
3433,car,3769,3850
3435,car,3774,3820
3440,car,3782,3790
3442,car,3786,3790
3443,car,3787,3793
3444,car,3787,3792
3445,car,3788,3811
3446,car,3789,3816
3455,car,3798,3826
3458,car,3802,3834
3459,truck,3805,3933
3462,truck,3811,3868
3465,car,3814,3830
3466,car,3815,3824
3468,car,3816,3838
3469,car,3818,3824
3472,car,3820,3885
3482,car,3845,3901
3486,car,3849,3892
3487,truck,3850,3900
3489,truck,3851,3895
3492,car,3869,3887
3494,car,3871,3904
3497,car,3874,3922
3500,car,3875,3968
3501,car,3876,3974
3502,car,3880,3903
3505,car,3883,3898
3507,car,3887,3901
3508,car,3888,3899
3511,car,3891,3925
3514,car,3896,3904
3516,car,3898,3951
3517,car,3898,3913
3521,car,3904,3980
3522,car,3904,3928
3524,car,3906,3915
3526,car,3909,3940
3529,car,3913,3933
3530,car,3914,3924
3535,car,3917,3931
3538,truck,3923,3979
3543,truck,3929,4040
3545,truck,3935,3939
3548,truck,3937,3964
3550,truck,3941,3964
3552,car,3946,3992
3554,car,3950,3978
3556,car,3952,3978
3559,truck,3959,3970
3562,car,3966,3980
3564,bus,3970,3992
3565,bus,3972,3997
3567,truck,3977,4090
3573,car,3984,3988
3575,car,3986,4001
3576,car,3987,4000
3578,car,3989,3996
3581,car,3991,4025
3582,car,3992,3996
3583,car,3993,4018
3584,car,3994,4017
3585,car,3996,4015
3591,car,4002,4039
3592,car,4003,4027
3593,car,4003,4043
3598,car,4007,4021
3600,car,4009,4023
3602,car,4012,4084
3604,car,4019,4038
3608,car,4024,4038
3609,car,4025,4036
3610,car,4028,4060
3612,car,4032,4068
3614,car,4037,4116
3616,truck,4038,4051
3618,car,4039,4046
3619,car,4040,4059
3624,car,4042,4065
3627,car,4044,4052
3628,car,4044,4055
3629,car,4045,4058
3630,car,4045,4055
3632,truck,4046,4081
3634,car,4052,4089
3636,car,4054,4068
3638,car,4057,4165
3640,car,4061,4067
3641,car,4061,4093
3646,car,4063,4200
3649,car,4064,4087
3652,truck,4066,4072
3653,car,4067,4071
3655,car,4068,4075
3657,car,4071,4084
3658,car,4072,4082
3660,car,4076,4087
3661,car,4077,4081
3664,car,4086,4137
3665,car,4090,4142
3668,car,4092,4103
3669,car,4093,4104
3673,car,4098,4126
3674,car,4103,4121
3675,car,4104,4112
3677,truck,4112,4128
3679,car,4113,4125
3683,car,4120,4129
3685,car,4122,4160
3688,car,4124,4206
3689,car,4125,4186
3690,car,4125,4131
3692,car,4126,4133
3695,car,4129,4136
3699,car,4132,4162
3701,car,4132,4139
3702,car,4133,4143
3706,truck,4134,4140
3710,car,4137,4144
3716,car,4140,4161
3717,car,4140,4145
3718,car,4141,4153
3719,car,4142,4153
3724,car,4145,4182
3726,car,4146,4153
3731,car,4149,4181
3738,car,4156,4167
3742,car,4157,4181
3746,car,4162,4169
3750,bus,4167,4246
3755,truck,4187,4230
3756,truck,4198,4314
3757,truck,4198,4218
3758,car,4209,4249
3760,car,4211,4217
3761,truck,4212,4233
3762,car,4213,4242
3763,car,4214,4230
3765,car,4220,4301
3766,car,4220,4239
3768,car,4223,4229
3769,car,4224,4243
3772,car,4231,4276
3773,car,4232,4311
3775,car,4234,4250
3776,car,4234,4250
3778,car,4237,4263
3783,car,4250,4302
3785,car,4251,4284
3788,car,4253,4278
3792,car,4255,4291
3794,car,4257,4308
3795,car,4258,4285
3796,car,4259,4266
3798,car,4261,4276
3801,car,4264,4271
3803,car,4266,4288
3813,car,4277,4314
3816,car,4281,4300
3820,car,4285,4291
3823,car,4287,4323
3828,car,4290,4340
3837,car,4300,4315
3838,car,4302,4312
3839,car,4303,4384
3841,car,4305,4333
3842,car,4306,4311
3845,car,4310,4369
3849,car,4312,4331
3850,car,4314,4338
3851,car,4315,4384
3854,car,4319,4332
3856,car,4319,4376
3858,car,4320,4352
3863,car,4322,4344
3866,car,4324,4338
3867,truck,4325,4409
3869,car,4326,4344
3870,car,4330,4441
3873,car,4333,4360
3877,car,4341,4368
3878,car,4341,4354
3881,car,4345,4359
3882,car,4345,4363
3883,car,4346,4356
3886,car,4353,4365
3890,car,4355,4389
3892,car,4355,4373
3896,car,4359,4418
3897,car,4360,4423
3899,car,4363,4425
3902,car,4367,4425
3903,car,4367,4428
3904,car,4367,4374
3905,car,4371,4377
3906,car,4372,4390
3909,car,4376,4388
3911,car,4379,4396
3914,car,4382,4404
3915,car,4386,4391
3916,car,4386,4407
3921,car,4395,4406
3922,car,4395,4407
3923,car,4397,4406
3927,car,4405,4412
3929,car,4409,4430
3932,car,4411,4498
3934,car,4417,4446
3936,car,4418,4432
3937,car,4420,4442
3940,car,4422,4441
3941,car,4422,4438
3943,car,4425,4447
3946,car,4426,4433
3950,car,4429,4449
3952,car,4432,4450
3953,car,4433,4438
3955,car,4435,4462
3957,car,4437,4448
3959,car,4438,4447
3963,car,4442,4453
3964,car,4442,4447
3965,car,4446,4462
3967,car,4447,4464
3969,car,4448,4492
3971,car,4450,4461
3972,car,4451,4472
3974,car,4454,4457
3975,car,4455,4459
3976,car,4455,4471
3977,car,4455,4459
3980,car,4457,4470
3982,car,4460,4492
3983,car,4461,4466
3985,car,4467,4475
3986,car,4471,4481
3988,car,4472,4498
3989,car,4475,4486
3990,car,4475,4479
3991,car,4475,4496
3992,car,4476,4487
3995,car,4481,4515
3996,car,4484,4496
3998,car,4484,4510
4002,car,4492,4499
4004,car,4494,4518
4005,car,4495,4501
4007,car,4497,4518
4008,car,4498,4514
4009,car,4498,4553
4011,car,4502,4553
4012,car,4502,4575
4015,car,4507,4511
4018,car,4508,4516
4020,car,4509,4518
4021,car,4511,4517
4022,car,4512,4602
4024,car,4514,4517
4029,car,4517,4520
4033,car,4521,4528
4035,car,4522,4530
4036,car,4523,4548
4040,car,4524,4527
4042,car,4528,4555
4045,car,4532,4551
4046,car,4532,4574
4047,car,4533,4558
4048,car,4534,4545
4050,car,4536,4567
4052,car,4537,4543
4053,car,4538,4549
4055,car,4541,4579
4056,car,4541,4569
4058,car,4543,4574
4059,car,4545,4632
4061,car,4547,4603
4063,car,4550,4607
4065,car,4550,4595
4069,car,4554,4560
4071,car,4556,4582
4073,car,4559,4571
4078,car,4567,4683
4079,car,4570,4584
4080,car,4572,4590
4083,car,4576,4627
4084,car,4576,4607
4086,car,4579,4590
4092,car,4591,4610
4096,car,4595,4650
4100,car,4597,4620
4101,car,4601,4610
4102,car,4604,4618
4103,car,4605,4629
4104,car,4606,4614
4108,car,4612,4631
4109,car,4612,4617
4112,car,4619,4639
4115,car,4623,4646
4116,car,4626,4637
4117,car,4630,4675
4118,car,4630,4642
4119,car,4632,4654
4125,car,4639,4663
4126,car,4641,4648
4128,car,4643,4676
4130,car,4644,4647
4132,car,4646,4658
4134,car,4646,4656
4135,car,4648,4651
4137,car,4649,4661
4138,car,4649,4692
4141,car,4653,4680
4142,car,4654,4683
4147,car,4659,4674
4152,car,4664,4687
4154,car,4665,4694
4155,car,4666,4679
4156,car,4667,4693
4161,car,4672,4685
4164,car,4677,4681
4165,car,4677,4695
4167,truck,4682,4717
4172,car,4686,4692
4177,car,4692,4725
4178,car,4694,4705
4181,car,4695,4723
4183,truck,4697,4704
4184,car,4697,4707
4185,car,4698,4728
4187,car,4702,4712
4189,car,4704,4737
4192,car,4707,4715
4193,car,4707,4711
4194,car,4710,4715
4195,car,4710,4735
4196,car,4711,4756
4197,car,4711,4715
4201,car,4715,4759
4203,car,4716,4733
4204,car,4717,4728
4205,car,4717,4723
4210,car,4722,4725
4211,car,4723,4747
4212,car,4725,4735
4215,car,4725,4730
4218,car,4730,4761
4223,car,4735,4746
4226,car,4738,4748
4227,car,4738,4760
4228,car,4740,4760
4230,car,4742,4769
4232,car,4743,4750
4233,car,4745,4751
4236,car,4750,4755
4237,car,4751,4764
4238,car,4751,4771
4240,car,4752,4769
4242,car,4754,4760
4244,car,4757,4773
4248,car,4760,4781
4251,truck,4762,4775
4252,car,4762,4777
4255,car,4766,4785
4257,car,4769,4780
4258,truck,4769,4773
4259,car,4770,4794
4262,car,4778,4802
4263,car,4779,4789
4264,car,4779,4809
4266,car,4780,4795
4267,car,4783,4786
4270,car,4784,4792
4278,car,4788,4800
4281,car,4789,4818
4284,car,4792,4796
4285,car,4792,4819
4290,car,4800,4807
4291,car,4802,4812
4295,car,4804,4825
4296,car,4805,4828
4299,car,4811,4818
4304,car,4814,4834
4305,car,4815,4822
4308,car,4819,4846
4309,car,4821,4825
4319,car,4828,4847
4321,car,4829,4835
4323,car,4833,4840
4324,car,4834,4848
4327,car,4836,4860
4328,car,4836,4868
4330,car,4837,4855
4331,car,4840,4856
4333,car,4843,4851
4335,car,4844,4857
4337,car,4846,4872
4340,car,4849,4867
4343,truck,4852,4870
4348,car,4855,4868
4349,car,4856,4884
4352,car,4858,4872
4354,car,4864,4886
4355,car,4864,4883
4356,truck,4866,4878
4357,car,4866,4876
4363,car,4871,4885
4366,car,4875,4886
4367,car,4876,4889
4371,car,4881,4897
4373,car,4884,4902
4374,car,4888,4904
4377,car,4891,4914
4379,truck,4892,4903
4382,car,4894,4897
4386,car,4897,4919
4387,car,4898,4911
4391,car,4902,4929
4395,car,4903,4927
4397,car,4904,4921
4399,car,4907,4914
4405,car,4912,4920
4408,car,4912,4920
4412,car,4914,4938
4417,car,4919,5072
4418,car,4919,4937
4419,car,4920,4932
4421,car,4921,4924
4425,car,4924,4936
4426,car,4925,4929
4428,truck,4926,4938
4431,car,4927,4944
4434,car,4930,4946
4439,car,4938,4941
4440,car,4938,4947
4441,car,4939,4945
4446,truck,4942,4949
4448,car,4943,4949
4450,truck,4947,4960
4452,car,4949,4964
4453,car,4951,4961
4454,car,4954,4969
4460,car,4961,4969
4462,truck,4964,4969
4463,car,4964,4981
4466,car,4966,4973
4467,truck,4967,4987
4470,car,4969,4985
4472,car,4973,4980
4473,car,4973,4986
4476,car,4976,4993
4481,car,4980,4993
4482,car,4982,4997
4484,car,4983,5018
4487,car,4984,5002
4489,car,4986,5002
4492,truck,4989,5015
4497,car,4993,5004
4503,car,5000,5042
4504,car,5001,5013
4505,car,5004,5023
4508,car,5009,5020
4509,truck,5011,5105
4510,car,5011,5016
4512,car,5015,5022
4513,truck,5015,5092
4519,car,5035,5047
4521,car,5039,5047
4523,car,5041,5052
4526,car,5044,5060
4529,car,5047,5060
4532,truck,5050,5058
4533,car,5050,5074
4535,car,5052,5058
4536,car,5052,5063
4537,truck,5054,5059
4540,car,5057,5060
4542,car,5058,5074
4543,car,5059,5066
4544,car,5061,5080
4546,car,5065,5079
4549,car,5070,5093
4550,car,5070,5081
4554,car,5074,5080
4555,car,5074,5089
4558,car,5076,5152
4560,car,5078,5095
4561,car,5079,5264
4563,car,5084,5109
4566,car,5090,5108
4567,car,5091,5105
4570,car,5096,5101
4572,car,5098,5112
4576,car,5101,5105
4579,car,5102,5108
4580,car,5104,5122
4581,car,5105,5128
4584,car,5107,5117
4592,car,5111,5123
4593,car,5112,5132
4599,car,5119,5130
4600,car,5120,5131
4601,car,5120,5131
4606,car,5124,5133
4611,car,5129,5139
4612,car,5130,5139
4614,car,5132,5138
4615,truck,5133,5140
4617,car,5135,5161
4619,car,5139,5150
4620,car,5141,5154
4621,car,5141,5146
4623,car,5144,5149
4625,car,5148,5167
4626,car,5149,5162
4628,car,5151,5168
4632,bus,5156,5239
4635,car,5162,5178
4640,car,5168,5184
4641,car,5168,5184
4644,car,5173,5187
4645,car,5174,5194
4647,bus,5176,5284
4650,car,5180,5201
4651,car,5181,5185
4653,car,5183,5196
4654,car,5188,5230
4655,car,5188,5198
4656,car,5190,5201
4659,car,5191,5206
4661,car,5193,5201
4664,car,5198,5214
4667,car,5201,5206
4669,car,5202,5216
4670,car,5203,5209
4672,car,5205,5218
4673,truck,5207,5233
4677,car,5209,5220
4681,car,5211,5225
4687,car,5218,5232
4692,car,5221,5232
4693,car,5221,5229
4695,car,5224,5229
4700,car,5228,5240
4702,car,5235,5247
4703,car,5237,5245
4704,car,5238,5256
4705,car,5240,5251
4706,car,5240,5252
4707,car,5241,5251
4711,car,5244,5247
4712,car,5245,5251
4715,car,5247,5252
4716,car,5248,5276
4718,car,5249,5257
4722,car,5250,5253
4724,car,5252,5255
4725,car,5253,5265
4726,car,5253,5266
4727,car,5256,5279
4729,car,5258,5273
4732,car,5260,5277
4733,car,5261,5265
4739,car,5265,5276
4740,car,5267,5269
4742,car,5270,5284
4747,car,5273,5284
4748,car,5274,5288
4753,car,5280,5291
4755,car,5281,5295
4759,car,5285,5299
4760,car,5287,5314
4762,car,5290,5305
4763,car,5290,5302
4765,car,5296,5302
4768,truck,5300,5395
4771,car,5312,5334
4775,car,5313,5321
4777,car,5320,5354
4780,truck,5328,5360
4784,truck,5332,5353
4789,truck,5342,5356
4793,car,5347,5375
4796,car,5348,5360
4801,car,5353,5357
4802,truck,5356,5406
4804,truck,5357,5442
4806,car,5362,5374
4808,truck,5365,5391
4810,car,5367,5399
4812,car,5370,5394
4813,car,5371,5388
4814,car,5372,5376
4815,car,5374,5381
4818,car,5376,5380
4821,car,5378,5385
4822,car,5379,5382
4823,car,5380,5394
4827,car,5383,5385
4828,truck,5383,5411
4830,car,5385,5396
4833,car,5388,5400
4836,car,5392,5398
4838,car,5395,5408
4840,car,5397,5409
4844,car,5401,5414
4848,car,5402,5421
4849,car,5403,5421
4851,car,5406,5413
4853,car,5408,5429
4854,car,5408,5418
4857,truck,5410,5591
4859,car,5411,5460
4862,car,5413,5417
4864,bus,5414,5482
4868,car,5416,5431
4871,car,5420,5441
4872,car,5423,5427
4873,car,5430,5442
4878,bus,5435,5512
4881,car,5439,5447
4882,car,5441,5445
4884,truck,5445,5559
4885,car,5445,5472
4887,car,5447,5487
4888,car,5447,5457
4891,car,5449,5460
4893,car,5451,5456
4896,car,5452,5465
4900,car,5455,5471
4901,car,5457,5493
4905,car,5460,5501
4906,car,5464,5480
4908,car,5467,5505
4909,car,5468,5493
4910,car,5469,5530
4912,car,5471,5481
4913,car,5472,5516
4914,car,5476,5511
4917,car,5477,5501
4918,truck,5478,5483
4920,car,5479,5494
4924,car,5484,5489
4925,car,5486,5498
4928,car,5491,5523
4931,car,5493,5511
4932,car,5493,5504
4934,car,5494,5515
4936,car,5496,5505
4939,car,5498,5509
4940,car,5499,5551
4941,car,5499,5515
4943,car,5502,5543
4946,truck,5505,5528
4948,car,5509,5534
4951,car,5512,5546
4952,car,5512,5516
4954,car,5514,5524
4955,truck,5515,5524
4957,car,5516,5530
4960,car,5524,5532
4961,car,5524,5533
4962,car,5526,5531
4968,car,5532,5543
4971,car,5534,5563
4973,car,5544,5578
4976,car,5546,5564
4978,car,5549,5564
4984,truck,5556,5576
4985,car,5560,5563
4986,bus,5560,5581
4987,bus,5562,5700
4990,truck,5567,5582
4992,truck,5571,5687
5002,car,5582,5590
5007,truck,5587,5595
5014,car,5594,5599
5017,car,5596,5656
5022,car,5599,5606
5023,car,5601,5616
5025,car,5601,5605
5026,car,5603,5611
5029,car,5607,5616
5031,car,5610,5730
5032,car,5610,5620
5036,car,5613,5666
5045,car,5623,5634
5046,car,5626,5629
5049,car,5627,5649
5051,car,5628,5648
5053,car,5630,5636
5054,car,5631,5637
5057,car,5634,5636
5060,car,5635,5642
5063,car,5637,5669
5066,car,5639,5642
5069,car,5642,5662
5070,car,5643,5658
5073,car,5644,5646
5074,car,5645,5652
5076,car,5646,5655
5080,car,5652,5655
5081,car,5653,5660
5084,car,5655,5673
5089,car,5658,5664
5095,car,5660,5669
5096,car,5662,5669
5100,truck,5666,5676
5101,truck,5667,5676
5102,car,5668,5685
5103,car,5668,5676
5109,truck,5672,5678
5110,car,5672,5681
5113,car,5675,5679
5115,car,5676,5688
5116,car,5677,5697
5117,car,5679,5684
5120,truck,5686,5755
5126,car,5692,5727
5131,car,5695,5702
5133,truck,5697,5744
5135,car,5699,5707
5137,car,5701,5718
5139,car,5705,5708
5142,car,5709,5726
5145,truck,5711,5714
5149,car,5713,5732
5150,car,5714,5727
5152,car,5715,5734
5153,car,5716,5736
5154,car,5716,5743
5156,car,5720,5730
5160,truck,5728,5777
5162,car,5729,5735
5163,truck,5731,5745
5165,car,5733,5742
5166,car,5733,5746
5168,car,5736,5743
5174,truck,5741,5754
5175,car,5742,5750
5176,car,5743,5788
5177,car,5743,5823
5180,car,5746,5755
5181,car,5746,5827
5184,car,5746,5765
5191,car,5751,5802
5192,car,5752,5769
5194,car,5753,5757
5196,car,5754,5764
5197,car,5755,5757
5198,truck,5755,5759
5201,car,5758,5765
5203,car,5759,5764
5204,car,5759,5773
5206,car,5759,5765
5212,truck,5765,5777
5216,car,5766,5774
5217,car,5767,5771
5221,car,5769,5780
5224,car,5771,5788
5225,car,5771,5803
5228,car,5774,5785
5229,car,5774,5785
5231,car,5776,5810
5236,car,5779,5966
5239,car,5781,5785
5241,car,5785,5813
5245,car,5792,5794
5248,car,5795,5800
5250,car,5796,5807
5252,truck,5797,5808
5253,car,5803,5816
5256,car,5807,5812
5259,car,5811,5824
5260,car,5811,5821
5261,car,5813,5816
5262,car,5815,5840
5263,car,5815,5830
5267,car,5817,5824
5268,car,5817,5822
5269,car,5817,5824
5272,car,5821,5834
5274,car,5823,5838
5276,car,5826,5848
5279,truck,5827,5840
5283,car,5829,5838
5284,car,5832,5861
5287,car,5834,5847
5291,truck,5837,5847
5292,car,5837,5846
5293,car,5839,5849
5296,car,5840,5843
5298,car,5841,5847
5300,car,5843,5856
5304,car,5845,5855
5306,car,5847,5861
5308,car,5848,5861
5311,car,5851,5864
5313,car,5851,5859
5315,car,5852,5879
5318,car,5853,5887
5320,car,5855,5866
5324,car,5860,5867
5325,car,5862,5869
5327,car,5864,6000
5329,car,5867,5887
5335,truck,5871,5881
5336,truck,5872,5878
5337,car,5872,5890
5338,car,5872,5886
5341,car,5876,5918
5344,bus,5878,5930
5345,bus,5880,5933
5351,car,5884,5890
5352,car,5884,5893
5353,car,5885,5891
5356,car,5889,5900
5357,car,5889,5893
5360,car,5891,5897
5364,car,5895,5901
5365,car,5896,5912
5368,truck,5898,5909
5377,car,5905,5913
5380,car,5905,5910
5381,car,5905,5911
5386,car,5910,5917
5387,car,5910,5941
5388,bus,5912,5926
5390,car,5914,5918
5391,car,5916,5924
5395,car,5919,5941
5399,car,5926,5936
5402,car,5929,5939
5404,car,5932,5940
5405,car,5932,5938
5406,car,5934,5943
5407,car,5936,5941
5411,car,5940,5942
5412,car,5940,5968
5413,car,5940,5960
5416,car,5944,5956
5417,car,5945,5958
5418,car,5945,5991
5419,car,5946,5974
5420,car,5946,5953
5425,car,5953,5964
5426,car,5955,5967
5429,car,5959,5974
5432,car,5961,5984
5433,car,5961,5983
5438,car,5967,5977
5440,car,5969,5998
5441,car,5971,5982
5445,truck,5977,5994
5453,car,5982,6003
5455,truck,5984,6006
5456,car,5984,5993
5461,car,5991,5998
5463,car,5992,5999
5464,car,5993,6001
5467,car,5995,6004
5469,truck,5996,6008
5470,car,5997,6004
5471,car,5998,6005
5474,car,6001,6012
5476,car,6004,6031
5477,car,6004,6031
5480,car,6005,6016
5485,car,6009,6018
5490,car,6012,6025
5495,car,6018,6032
5497,car,6019,6037
5501,car,6022,6030
5502,car,6024,6027
5504,car,6025,6036
5505,car,6025,6044
5509,car,6028,6034
5510,car,6029,6034
5512,car,6030,6047
5514,car,6032,6045
5515,car,6032,6053
5518,car,6036,6062
5520,car,6039,6053
5524,car,6041,6060
5525,car,6042,6047
5527,car,6043,6056
5530,car,6045,6062
5532,car,6047,6061
5535,car,6049,6052
5541,car,6053,6069
5547,car,6058,6071
5550,car,6060,6071
5552,car,6061,6076
5554,car,6061,6063
5557,car,6065,6068
5558,car,6066,6075
5559,car,6068,6079
5560,car,6070,6076
5561,car,6072,6080
5564,car,6075,6093
5565,car,6075,6098
5568,car,6080,6099
5571,car,6081,6096
5572,car,6083,6119
5576,car,6086,6093
5577,car,6088,6094
5581,car,6092,6098
5582,car,6092,6107
5585,car,6094,6104
5586,car,6094,6104
5587,car,6094,6119
5591,car,6097,6106
5592,car,6097,6128
5598,car,6101,6112
5600,car,6102,6105
5601,car,6102,6105
5604,car,6105,6113
5606,truck,6106,6120
5607,car,6107,6121
5611,car,6112,6127
5613,car,6114,6128
5614,car,6114,6116
5615,car,6116,6123
5616,car,6120,6133
5617,car,6120,6129
5621,car,6125,6146
5622,car,6126,6142
5623,car,6127,6133
5624,car,6130,6298
5628,car,6133,6150
5630,car,6135,6146
5631,car,6135,6138
5633,car,6138,6155
5635,car,6139,6155
5637,car,6143,6165
5639,car,6145,6155
5640,car,6148,6152
5641,car,6150,6168
5645,car,6157,6170
5646,car,6157,6176
5650,car,6162,6180
5651,car,6162,6185
5657,car,6172,6179
5658,truck,6175,6411
5662,car,6178,6182
5664,truck,6182,6241
5670,car,6188,6195
5675,truck,6194,6230
5677,car,6202,6212
5680,truck,6204,6212
5685,truck,6207,6223
5688,car,6207,6216
5691,car,6211,6234
5692,car,6212,6239
5695,car,6213,6218
5698,car,6218,6234
5702,car,6225,6238
5703,car,6225,6241
5705,car,6230,6234
5707,car,6234,6240
5708,car,6235,6257
5710,car,6237,6241
5712,car,6238,6272
5713,car,6240,6250
5716,car,6243,6264
5719,car,6247,6253
5720,car,6249,6263
5721,car,6250,6253
5724,car,6253,6279
5726,car,6257,6262
5727,car,6259,6277
5728,car,6262,6274
5732,car,6267,6291
5738,truck,6268,6281
5741,car,6270,6272
5743,truck,6271,6286
5744,car,6272,6276
5746,car,6272,6292
5753,car,6278,6291
5757,car,6281,6291
5760,car,6286,6289
5763,car,6288,6297
5764,car,6289,6293
5766,car,6290,6305
5768,car,6292,6297
5769,car,6294,6330
5770,car,6294,6299
5771,car,6294,6309
5778,car,6302,6322
5781,car,6304,6334
5783,car,6308,6317
5784,car,6310,6327
5787,car,6313,6327
5789,car,6313,6331
5790,car,6315,6324
5792,car,6318,6339
5794,car,6319,6331
5795,car,6319,6338
5797,car,6324,6340
5799,car,6328,6357
5803,car,6331,6334
5805,car,6332,6349
5808,car,6335,6339
5810,car,6337,6345
5812,car,6340,6343
5813,car,6341,6358
5816,car,6343,6354
5817,car,6344,6350
5820,car,6347,6363
5821,car,6348,6362
5823,car,6352,6356
5824,car,6354,6359
5826,car,6356,6373
5827,car,6357,6373
5828,car,6357,6374
5832,car,6361,6370
5835,car,6363,6369
5837,truck,6364,6370
5842,car,6369,6382
5843,car,6369,6388
5845,truck,6375,6390
5846,car,6375,6379
5847,truck,6377,6394
5849,car,6380,6401
5850,car,6380,6394
5859,car,6387,6412
5860,car,6388,6416
5861,car,6394,6403
5864,car,6399,6418
5867,car,6400,6414
5868,car,6403,6432
5870,car,6405,6427
5872,car,6406,6430
5873,truck,6408,6413
5876,car,6411,6432
5877,car,6413,6427
5879,car,6414,6421
5880,car,6415,6428
5881,car,6421,6478
5883,car,6422,6435
5884,car,6423,6444
5887,car,6427,6437
5891,truck,6430,6445
5896,car,6435,6445
5897,car,6436,6519
5900,car,6440,6455
5901,car,6440,6448
5902,truck,6442,6461
5906,car,6447,6521
5907,truck,6447,6461
5908,car,6449,6461
5912,car,6453,6463
5918,car,6457,6468
5919,car,6458,6482
5920,car,6459,6468
5923,car,6461,6465
5924,car,6461,6479
5925,car,6463,6478
5928,car,6465,6470
5929,car,6465,6470
5932,car,6468,6475
5934,truck,6472,6491
5939,car,6474,6480
5940,truck,6478,6521
5942,car,6480,6488
5944,car,6480,6491
5949,bus,6487,6578
5952,car,6492,6498
5953,car,6493,6511
5954,car,6496,6506
5955,car,6496,6501
5959,car,6497,6501
5960,truck,6498,6542
5961,car,6499,6506
5962,car,6500,6559
5963,car,6500,6509
5964,car,6501,6516
5965,car,6501,6517
5968,truck,6503,6640
5969,car,6504,6538
5971,car,6507,6512
5972,car,6511,6554
5973,car,6512,6517
5974,car,6513,6525
5978,car,6515,6545
5982,car,6518,6523
5985,car,6520,6531
5986,car,6520,6527
5987,car,6523,6534
5988,car,6525,6536
5995,car,6530,6586
5996,car,6532,6585
5998,car,6533,6548
6001,car,6536,6560
6002,car,6536,6568
6004,car,6536,6579
6005,car,6539,6592
6006,car,6540,6559
6007,car,6540,6549
6008,car,6544,6549
6010,car,6548,6562
6011,car,6548,6551
6014,car,6550,6562
6017,car,6557,6563
6018,car,6558,6565
6022,truck,6564,6576
6025,bus,6565,6684
6027,bus,6568,6580
6030,truck,6575,6610
6033,car,6590,6595
6036,car,6594,6608
6037,car,6597,6619
6039,car,6599,6609
6040,car,6601,6644
6043,car,6602,6615
6045,car,6604,6609
6047,car,6606,6616
6049,car,6609,6632
6051,truck,6614,6638
6052,truck,6620,6699
6064,bus,6635,6682
6069,car,6638,6643
6073,car,6642,6646
6077,car,6647,6657
6079,car,6650,6685
6081,car,6652,6663
6084,car,6657,6681
6088,car,6663,6680
6089,car,6666,6678
6090,car,6666,6689
6093,car,6671,6700
6094,car,6673,6685
6099,car,6677,6688
6102,car,6679,6685
6104,car,6680,6699
6105,car,6682,6695
6109,truck,6686,6703
6111,car,6687,6690
6112,car,6689,6691
6114,truck,6691,6783
6116,car,6694,6697
6117,car,6695,6727
6119,car,6695,6701
6120,car,6697,6744
6124,truck,6699,6784
6127,car,6701,6720
6128,car,6702,6732
6135,car,6707,6832
6139,car,6711,6737
6140,car,6712,6744
6142,car,6713,6737
6147,car,6717,6765
6148,car,6718,6732
6149,car,6720,6727
6150,car,6721,6739
6152,car,6724,6740
6156,car,6730,6739
6160,car,6741,6743
6163,car,6746,6764
6165,car,6751,6762
6168,car,6754,6766
6169,car,6754,6765
6170,car,6756,6765
6171,car,6756,6760
6173,car,6759,6774
6175,car,6760,6773
6176,car,6761,6785
6178,truck,6761,6767
6180,car,6763,6771
6183,car,6768,6776
6184,car,6768,6773
6186,car,6769,6797
6188,car,6771,6864
6191,car,6772,6785
6195,car,6775,6781
6197,car,6776,6792
6198,car,6777,6779
6203,car,6781,6787
6204,car,6783,6789
6205,car,6783,6823
6212,car,6787,6796
6213,car,6787,6810
6214,car,6788,6794
6216,truck,6790,6806
6217,car,6791,6802
6223,truck,6798,6830
6226,car,6800,6807
6230,car,6804,6821
6232,truck,6806,6932
6243,car,6815,6847
6247,car,6818,6830
6249,car,6820,6822
6250,car,6821,6831
6253,car,6824,6922
6254,truck,6824,6838
6255,car,6824,6837
6257,car,6827,6832
6258,car,6828,6847
6261,truck,6830,6835
6263,car,6832,6840
6264,car,6833,6845
6269,car,6837,6852
6270,car,6838,6856
6273,car,6840,6847
6275,car,6841,6850
6276,car,6842,6864
6281,car,6846,6855
6283,car,6852,6895
6284,car,6852,6866
6287,car,6855,6878
6291,car,6861,6869
6293,car,6863,6874
6294,car,6863,6871
6296,car,6864,6871
6297,car,6866,6871
6299,car,6868,6901
6301,car,6869,6880
6302,truck,6871,6877
6303,car,6871,6889
6304,car,6871,6882
6305,car,6871,6877
6308,car,6874,6887
6311,car,6878,6885
6313,car,6879,6889
6316,car,6882,6901
6317,car,6887,6904
6320,car,6889,6895
6325,car,6896,6914
6326,car,6901,6954
6328,car,6904,6908
6329,car,6904,6961
6332,car,6908,6915
6333,car,6908,6927
6335,car,6911,6924
6338,car,6915,6937
6341,car,6917,6923
6342,car,6917,6939
6343,car,6918,6927
6348,car,6921,6924
6349,car,6922,6939
6351,car,6924,6936
6356,car,6928,6943
6361,car,6931,6948
6366,car,6937,6950
6367,car,6937,6946
6368,car,6938,7055
6373,car,6940,6954
6375,car,6942,6951
6379,car,6945,6954
6383,truck,6947,6963
6384,car,6948,6959
6385,car,6949,6956
6387,car,6951,6963
6391,car,6958,6976
6392,car,6959,6961
6393,car,6959,6973
6394,car,6960,6972
6395,car,6961,6969
6396,car,6962,6996
6397,car,6962,6983
6400,car,6966,6974
6403,car,6970,6975
6410,truck,6974,7039
6411,car,6975,6977
6412,car,6975,6992
6413,car,6976,6980
6420,truck,6980,6990
6423,car,6985,6990
6427,car,6988,7067
6428,car,6988,6999
6431,car,6991,7019
6433,car,6994,7054
6434,car,6996,7002
6435,truck,6997,7091
6441,bus,7001,7070
6446,bus,7006,7055
6449,truck,7009,7059
6454,car,7022,7039
6455,car,7022,7117
6456,truck,7026,7112
6462,car,7033,7045
6463,car,7037,7069
6464,car,7038,7059
6465,car,7041,7148
6472,car,7046,7055
6473,car,7046,7106
6474,car,7046,7112
6476,truck,7050,7066
6482,car,7054,7059
6483,car,7056,7062
6486,car,7059,7065
6487,car,7060,7062
6489,truck,7061,7243
6494,truck,7089,7142
6496,bus,7094,7131
6501,truck,7119,7160
6504,car,7121,7200
6505,car,7125,7186
6506,car,7126,7140
6512,truck,7135,7192
6515,truck,7145,7226
6517,truck,7154,7211
6524,truck,7191,7432
6526,truck,7195,7220
6528,car,7200,7229
6529,car,7202,7257
6530,car,7206,7356
6532,car,7212,7235
6533,car,7213,7286
6534,car,7214,7223
6536,car,7220,7254
6538,car,7224,7232
6539,car,7226,7244
6540,car,7227,7288
6543,car,7235,7238
6544,car,7237,7283
6545,car,7238,7360
6547,car,7240,7262
6550,car,7241,7243
6554,car,7243,7246
6555,car,7245,7258
6560,car,7250,7292
6562,car,7254,7292
6563,car,7257,7273
6564,car,7260,7376
6567,car,7265,7281
6568,car,7265,7283
6569,car,7269,7282
6571,car,7270,7305
6572,car,7271,7295
6573,car,7274,7416
6575,car,7276,7337
6578,car,7281,7309
6579,car,7281,7329
6590,car,7292,7525
6592,car,7294,7309
6594,car,7294,7315
6596,car,7296,7320
6598,car,7298,7311
6603,car,7300,7343
6605,car,7301,7324
6608,car,7305,7335
6609,car,7306,7331
6611,car,7308,7337
6616,car,7314,7353
6617,car,7314,7325
6618,car,7314,7322
6619,car,7316,7327
6621,car,7318,7333
6624,car,7321,7435
6636,car,7333,7369
6637,car,7333,7420
6638,car,7335,7366
6640,car,7336,7342
6644,car,7343,7365
6645,car,7345,7359
6647,car,7348,7353
6648,car,7348,7372
6649,car,7353,7376
6653,car,7357,7370
6656,car,7359,7421
6659,truck,7362,7511
6660,car,7362,7412
6661,car,7363,7377
6662,car,7366,7405
6663,car,7371,7376
6666,car,7372,7453
6667,car,7374,7383
6669,car,7375,7401
6670,car,7375,7383
6673,car,7380,7384
6678,car,7385,7449
6680,bus,7386,7391
6682,car,7389,7404
6683,car,7389,7401
6687,car,7393,7402
6688,car,7394,7439
6690,car,7395,7507
6692,car,7396,7413
6693,car,7396,7402
6694,car,7400,7406
6695,car,7402,7416
6696,car,7403,7484
6697,car,7404,7426
6699,car,7409,7432
6701,car,7409,7421
6702,car,7410,7420
6703,car,7411,7418
6704,car,7414,7445
6706,car,7417,7499
6714,car,7424,7456
6715,car,7426,7435
6719,car,7433,7451
6724,car,7441,7495
6728,car,7445,7487
6729,car,7446,7464
6731,car,7447,7488
6732,car,7447,7508
6737,car,7454,7474
6740,car,7459,7475
6741,car,7460,7483
6745,car,7468,7503
6747,car,7473,7521
6748,car,7475,7483
6750,car,7476,7496
6752,car,7479,7485
6753,car,7479,7500
6754,car,7481,7483
6755,car,7481,7489
6758,car,7483,7496
6759,car,7483,7507
6760,car,7484,7539
6764,car,7488,7597
6765,car,7490,7493
6767,car,7492,7522
6768,car,7496,7531
6770,car,7502,7530
6773,car,7504,7527
6775,car,7505,7512
6776,car,7505,7532
6777,car,7506,7553
6778,car,7508,7523
6780,car,7513,7523
6784,car,7513,7535
6786,car,7515,7607
6789,car,7518,7523
6790,car,7519,7543
6793,car,7524,7637
6798,car,7526,7534
6801,car,7529,7543
6803,car,7531,7544
6804,car,7532,7545
6805,car,7534,7541
6807,car,7536,7619
6810,car,7538,7544
6811,car,7539,7550
6812,car,7539,7607
6815,car,7542,7563
6820,car,7544,7559
6822,car,7546,7551
6823,car,7547,7551
6824,car,7548,7551
6826,car,7550,7564
6827,car,7552,7640
6829,car,7553,7572
6830,car,7553,7566
6832,car,7555,7575
6838,car,7558,7562
6839,car,7559,7564
6840,car,7559,7569
6841,car,7559,7574
6843,car,7562,7664
6846,truck,7565,7587
6849,truck,7568,7601
6850,car,7569,7577
6852,car,7571,7576
6856,car,7574,7582
6857,car,7574,7587
6858,car,7576,7617
6860,car,7576,7602
6862,car,7579,7587
6866,car,7586,7590
6867,car,7586,7593
6869,car,7588,7599
6871,car,7590,7597
6873,car,7591,7597
6877,car,7595,7599
6878,truck,7595,7700
6879,car,7596,7602
6882,car,7600,7647
6885,car,7606,7618
6888,car,7609,7618
6892,car,7612,7624
6893,car,7613,7644
6894,car,7615,7626
6896,car,7618,7656
6898,car,7621,7636
6901,car,7623,7658
6902,car,7624,7637
6906,car,7626,7641
6907,car,7627,7634
6908,car,7628,7659
6909,car,7631,7654
6910,car,7632,7643
6912,car,7633,7654
6914,car,7637,7651
6915,car,7638,7686
6916,car,7638,7666
6917,car,7638,7646
6918,car,7641,7653
6921,car,7644,7678
6924,truck,7647,7649
6925,car,7648,7671
6929,car,7651,7669
6931,car,7651,7668
6936,car,7653,7658
6937,car,7655,7660
6941,car,7658,7688
6943,car,7660,7695
6944,car,7661,7689
6947,car,7664,7687
6953,car,7673,7693
6955,car,7674,7820
6956,car,7675,7719
6959,car,7678,7689
6962,car,7679,7714
6964,car,7680,7700
6970,car,7685,7700
6971,car,7685,7733
6973,car,7687,7700
6976,car,7689,7701
6978,car,7691,7697
6979,car,7692,7697
6983,car,7696,7711
6986,car,7697,7708
6987,car,7698,7723
6989,car,7699,7730
6990,car,7699,7710
6993,car,7702,7741
6994,car,7705,7963
6995,car,7705,7731
6997,car,7706,7717
7000,car,7707,7719
7004,car,7709,7725
7005,car,7710,7735
7006,car,7710,7716
7007,car,7711,7809
7008,car,7713,7759
7011,car,7715,7743
7012,bus,7715,7737
7020,car,7725,7741
7023,car,7731,7743
7024,car,7737,7751
7025,car,7741,7758
7026,car,7744,7750
7033,car,7753,7781
7037,car,7756,7768
7040,car,7757,7765
7045,car,7762,7790
7046,car,7762,7767
7047,car,7762,7777
7048,car,7765,7783
7049,car,7765,7778
7050,car,7765,7771
7052,car,7768,7808
7054,car,7769,7790
7055,car,7769,7778
7056,car,7769,7776
7059,car,7773,7792
7060,car,7779,7799
7070,car,7785,7792
7071,car,7786,7806
7072,car,7787,7802
7073,car,7788,7829
7074,truck,7790,7805
7076,car,7792,7804
7079,car,7794,7806
7080,car,7794,7820
7084,car,7797,7812
7086,car,7798,7825
7089,car,7799,7804
7090,car,7801,7818
7093,car,7806,7837
7094,car,7807,7827
7096,truck,7808,7828
7098,car,7810,7825
7099,car,7811,7819
7101,car,7812,7829
7103,car,7813,7831
7107,car,7818,7840
7108,car,7819,7830
7110,car,7821,7831
7111,car,7822,7827
7112,car,7823,7848
7113,car,7825,7838
7115,car,7829,7855
7116,car,7830,7843
7118,car,7833,7849
7121,car,7837,7853
7125,car,7840,7846
7128,car,7842,7856
7130,car,7843,7854
7131,car,7844,7872
7136,car,7847,7970
7138,truck,7847,7851
7145,car,7850,7863
7146,car,7850,7868
7147,car,7851,7867
7148,car,7851,7857
7149,car,7853,7859
7151,car,7854,7860
7153,car,7858,7861
7157,car,7860,7873
7158,car,7861,7906
7161,car,7864,7870
7163,car,7865,7877
7171,car,7869,7875
7173,car,7871,7881
7177,car,7873,7885
7178,car,7874,7892
7180,truck,7875,7880
7184,car,7877,7890
7188,car,7883,7909
7189,car,7885,7895
7191,car,7887,7891
7194,car,7892,7914
7196,car,7893,7899
7198,car,7895,7903
7199,car,7897,7930
7200,car,7898,7905
7201,car,7899,7913
7202,car,7900,7917
7204,car,7904,7910
7205,car,7904,7926
7208,car,7906,7926
7210,car,7911,7926
7211,car,7911,7935
7215,car,7915,7935
7218,car,7917,7938
7219,car,7918,8030
7220,car,7920,7925
7221,car,7920,7933
7224,car,7923,7931
7225,car,7923,7932
7227,car,7925,7948
7231,car,7927,7939
7232,car,7931,7941
7233,car,7932,7964
7235,car,7935,7940
7242,car,7944,7955
7246,truck,7946,7981
7249,car,7948,7962
7250,car,7949,7954
7251,truck,7950,7953
7255,car,7953,7976
7256,car,7954,7960
7257,car,7955,7957
7258,truck,7956,8104
7262,car,7957,7967
7263,car,7958,7970
7265,car,7959,7977
7266,truck,7960,7980
7269,car,7963,7966
7270,car,7963,7973
7273,car,7967,7984
7275,truck,7967,7974
7277,car,7969,7979
7281,car,7974,7982
7282,truck,7977,8001
7283,car,7978,8073
7286,car,7982,7999
7287,truck,7982,8056
7290,car,7984,7992
7291,truck,7984,8178
7295,car,7992,8009
7296,car,7997,8002
7300,car,8004,8012
7301,car,8005,8012
7303,car,8009,8017
7304,car,8009,8016
7308,truck,8013,8017
7312,car,8014,8019
7314,car,8015,8043
7316,car,8017,8028
7317,car,8017,8034
7318,car,8017,8039
7321,car,8019,8029
7324,car,8023,8032
7329,car,8029,8035
7331,truck,8030,8035
7334,car,8032,8035
7340,truck,8036,8095
7341,car,8037,8048
7345,car,8042,8068
7348,car,8044,8050
7352,car,8046,8053
7354,car,8047,8054
7355,car,8048,8055
7357,car,8049,8054
7358,car,8051,8056
7360,car,8052,8058
7363,car,8054,8061
7364,car,8054,8063
7365,car,8054,8058
7368,car,8056,8066
7370,car,8057,8064
7371,car,8058,8078
7373,car,8059,8071
7376,car,8061,8068
7381,car,8064,8074
7382,car,8065,8079
7384,car,8068,8076
7388,truck,8072,8132
7390,car,8073,8077
7394,car,8076,8081
7395,car,8076,8100
7397,car,8077,8090
7398,car,8078,8086
7400,car,8080,8085
7404,car,8083,8096
7406,car,8084,8095
7407,car,8085,8094
7408,car,8085,8096
7409,car,8085,8092
7415,car,8088,8105
7421,car,8091,8098
7422,car,8092,8103
7424,car,8094,8098
7426,car,8095,8101
7430,car,8098,8121
7432,car,8099,8127
7436,car,8101,8116
7438,car,8102,8107
7441,car,8104,8133
7443,car,8104,8117
7446,car,8106,8109
7449,car,8108,8125
7453,car,8110,8126
7455,car,8112,8129
7459,car,8114,8122
7462,car,8116,8126
7467,car,8118,8135
7473,truck,8124,8196
7474,truck,8128,8189
7475,truck,8129,8172
7478,car,8130,8144
7480,car,8132,8149
7481,car,8133,8146
7483,car,8136,8144
7485,car,8142,8158
7486,car,8144,8158
7488,car,8150,8300
7490,car,8151,8159
7494,car,8155,8166
7496,car,8157,8173
7497,car,8157,8168
7498,car,8158,8171
7499,car,8158,8165
7500,car,8159,8163
7505,car,8163,8175
7507,car,8164,8171
7508,car,8164,8218
7509,car,8165,8181
7512,car,8167,8179
7514,car,8169,8182
7521,car,8175,8196
7522,car,8175,8193
7525,car,8179,8200
7529,car,8186,8196
7531,truck,8190,8217
7532,car,8196,8235
7533,car,8198,8206
7534,car,8199,8206
7540,car,8202,8212
7541,car,8202,8212
7543,car,8206,8216
7544,car,8208,8254
7546,car,8209,8224
7547,car,8209,8220
7550,car,8212,8218
7552,car,8213,8220
7553,car,8215,8222
7555,car,8217,8230
7564,car,8225,8234
7565,car,8225,8236
7568,truck,8229,8233
7571,car,8230,8237
7573,car,8232,8239
7575,car,8234,8241
7577,car,8235,8251
7579,car,8235,8241
7581,car,8239,8242
7583,car,8240,8249
7585,truck,8242,8257
7586,car,8244,8249
7588,car,8247,8255
7591,car,8249,8256
7592,car,8250,8255
7597,car,8253,8257
7598,car,8254,8257
7602,car,8256,8266
7603,car,8256,8263
7606,car,8258,8271
7609,car,8261,8267
7617,car,8266,8276
7618,car,8266,8274
7619,car,8267,8278
7626,car,8272,8278
7628,car,8273,8286
7631,car,8275,8283
7632,car,8275,8286
7634,car,8276,8281
7638,car,8279,8292
7639,car,8279,8287
7644,car,8283,8297
7647,car,8285,8297
7648,car,8285,8293
7650,car,8286,8297
7654,car,8289,8300
7655,car,8289,8303
7659,car,8293,8299
7661,car,8295,8377
7666,car,8299,8308
7667,car,8301,8309
7673,car,8306,8327
7676,car,8309,8313
7682,car,8312,8323
7686,car,8312,8326
7690,car,8314,8332
7693,car,8317,8326
7696,car,8318,8326
7697,car,8319,8327
7699,car,8320,8328
7707,truck,8324,8329
7709,car,8325,8337
7711,car,8329,8408
7712,car,8329,8339
7715,car,8335,8348
7717,car,8337,8360
7725,car,8341,8345
7727,car,8342,8347
7729,car,8343,8357
7731,car,8346,8357
7733,car,8347,8364
7735,bus,8347,8412
7736,truck,8349,8386
7739,car,8358,8365
7740,car,8359,8364
7741,car,8359,8369
7744,car,8364,8375
7746,car,8368,8383
7748,car,8369,8373
7751,car,8371,8383
7755,car,8375,8378
7757,car,8376,8386
7759,car,8377,8384
7762,bus,8380,8421
7764,car,8381,8389
7766,car,8383,8395
7767,car,8383,8385
7768,truck,8385,8395
7773,car,8387,8405
7776,car,8389,8399
7778,car,8393,8416
7779,car,8393,8407
7783,car,8395,8413
7785,car,8397,8404
7793,truck,8404,8430
7794,car,8405,8418
7802,truck,8408,8427
7806,car,8411,8424
7809,car,8414,8419
7811,car,8415,8424
7812,car,8418,8422
7814,car,8420,8429
7818,car,8423,8447
7819,car,8423,8434
7822,car,8424,8427
7823,car,8425,8427
7825,car,8432,8439
7826,car,8433,8440
7830,car,8436,8444
7838,car,8442,8596
7843,car,8446,8468
7844,truck,8448,8458
7851,car,8454,8472
7852,car,8454,8465
7853,truck,8455,8465
7858,truck,8465,8484
7861,car,8472,8479
7864,car,8477,8502
7865,car,8478,8489
7866,car,8478,8480
7870,car,8481,8497
7871,car,8481,8498
7872,car,8482,8487
7877,car,8487,8500
7879,car,8490,8493
7880,car,8491,8493
7891,car,8499,8511
7893,car,8500,8509
7894,car,8500,8511
7895,truck,8503,8683
7897,car,8504,8506
7901,car,8508,8520
7902,car,8509,8521
7908,truck,8519,8529
7909,car,8519,8525
7914,car,8529,8536
7915,car,8529,8546
7917,car,8531,8538
7920,car,8534,8546
7922,car,8537,8550
7925,truck,8541,8570
7927,truck,8545,8564
7929,car,8548,8561
7932,truck,8551,8570
7937,truck,8553,8584
7939,car,8555,8566
7943,car,8559,8572
7945,bus,8560,8640
7948,car,8561,8569
7949,car,8562,8566
7951,car,8564,8578
7955,car,8566,8574
7957,car,8567,8587
7958,car,8568,8575
7959,car,8569,8583
7965,truck,8574,8591
7967,car,8578,8593
7973,car,8584,8597
7974,truck,8584,8625
7977,car,8589,8602
7980,truck,8592,8602
7981,car,8592,8603
7984,car,8594,8602
7987,car,8600,8609
7990,car,8604,8613
7992,car,8610,8624
7996,car,8613,8617
7999,car,8615,8621
8000,car,8617,8623
8002,car,8618,8626
8005,car,8628,8643
8006,car,8629,8636
8007,car,8630,8640
8017,car,8643,8656
8018,car,8644,8672
8021,car,8650,8667
8024,car,8655,8666
8025,car,8656,8661
8027,car,8659,8669
8028,car,8659,8662
8030,car,8661,8673
8031,car,8662,8670
8034,car,8664,8676
8036,car,8666,8687
8037,car,8669,8677
8038,car,8669,8672
8039,car,8670,8682
8040,car,8670,8674
8041,car,8673,8682
8045,car,8675,8698
8046,car,8676,8686
8048,truck,8677,8682
8049,car,8677,8682
8050,car,8678,8680
8051,car,8679,8691
8052,car,8679,8684
8057,car,8683,8700
8058,car,8684,8698
8059,car,8686,8688
8061,truck,8687,8723
8065,truck,8689,8700
8066,car,8689,8702
8067,truck,8692,8702
8073,car,8696,8707
8076,car,8698,8719
8078,car,8698,8707
8079,car,8700,8717
8081,truck,8701,8713
8082,car,8701,8734
8085,car,8704,8717
8086,truck,8706,8724
8088,car,8706,8711
8092,car,8709,8720
8094,car,8711,8715
8096,truck,8711,8739
8099,car,8714,8742
8100,car,8714,8729
8102,truck,8717,8729
8105,car,8720,8722
8106,car,8720,8732
8107,car,8721,8734
8110,car,8723,8730
8112,car,8725,8741
8113,car,8727,8744
8116,car,8730,8755
8118,car,8732,8742
8121,car,8733,8747
8124,car,8737,8748
8125,car,8737,8742
8126,car,8739,8756
8132,car,8743,8753
8133,car,8744,8751
8136,car,8746,8819
8139,car,8749,8758
8141,car,8753,8760
8145,car,8757,8762
8147,car,8757,8761
8152,truck,8760,8783
8153,car,8760,8768
8155,car,8765,8773
8158,car,8767,8784
8159,car,8768,8778
8164,car,8773,8780
8169,car,8775,8792
8174,car,8783,8798
8178,car,8785,8794
8182,truck,8786,8860
8186,car,8788,8805
8187,car,8789,8796
8188,car,8793,8802
8192,truck,8795,8811
8195,car,8797,8818
8199,car,8801,8816
8205,car,8806,8825
8210,car,8813,8819
8211,car,8815,8825
8212,car,8815,8831
8216,car,8822,8834
8221,car,8828,8833
8223,car,8829,8839
8227,car,8834,8840
8229,car,8835,8847
8230,car,8836,8865
8242,car,8844,8857
8246,car,8845,8853
8248,car,8846,8855
8249,car,8847,8859
8253,car,8852,8858
8255,car,8853,8874
8260,car,8858,8870
8264,car,8864,8867
8265,car,8865,8886
8267,car,8868,8876
8270,car,8870,8873
8272,truck,8873,8883
8276,car,8879,8892
8280,car,8881,8892
8287,car,8887,8901
8288,car,8887,8897
8293,car,8889,8904
8295,car,8892,8907
8296,car,8898,8906
8300,car,8900,8917
8304,car,8902,8913
8307,car,8903,8915
8308,car,8905,8920
8309,car,8905,8921
8316,car,8910,8917
8320,car,8914,8921
8324,car,8922,8938
8325,car,8922,8935
8327,car,8928,8937
8331,car,8935,8942
8333,truck,8941,8950
8335,car,8945,8948
8337,car,8947,8963
8339,truck,8949,9083
8340,car,8952,8962
8342,car,8955,8957
8344,car,8957,8969
8346,truck,8963,8982
8350,car,8969,8983
8356,car,8975,8994
8358,car,8978,8983
8362,car,8979,8991
8363,car,8980,8988
8366,car,8985,8992
8368,car,8987,8992
8375,car,8991,8999
8377,car,8992,9009
8378,car,8993,9005
8380,car,8993,8998
8381,car,8994,9003
8384,car,8996,9006
8385,car,8996,9005
8388,car,9000,9002
8391,truck,9002,9009
8392,car,9004,9016
8393,truck,9005,9010
8394,truck,9006,9025
8396,car,9008,9012
8398,car,9009,9025
8401,car,9012,9014
8403,car,9012,9022
8405,car,9014,9021
8412,car,9020,9053
8413,car,9020,9046
8420,car,9029,9065
8426,car,9040,9050
8430,car,9054,9067
8431,car,9055,9068
8433,car,9061,9075
8434,car,9068,9087
8438,car,9072,9121
8439,car,9073,9082
8442,car,9080,9086
8444,car,9081,9091
8447,car,9082,9173
8448,car,9084,9097
8452,car,9087,9104
8453,car,9088,9106
8457,car,9092,9108
8458,car,9093,9100
8460,car,9093,9098
8468,truck,9099,9177
8470,car,9103,9108
8482,car,9111,9118
8483,car,9112,9134
8486,car,9115,9130
8488,car,9116,9123
8490,car,9120,9132
8492,car,9121,9138
8495,car,9126,9136
8498,car,9127,9134
8501,truck,9130,9180
8503,car,9131,9139
8505,car,9133,9151
8511,car,9143,9155
8519,truck,9147,9149
8520,car,9148,9165
8522,truck,9149,9178
8523,car,9155,9164
8530,truck,9160,9191
8539,truck,9169,9177
8540,car,9169,9178
8541,bus,9173,9178
8542,car,9175,9184
8543,truck,9175,9183
8544,bus,9177,9183
8549,car,9190,9200
8553,car,9193,9203
8554,car,9195,9210
8555,car,9196,9208
8558,car,9200,9206
8559,car,9201,9213
8562,car,9203,9223
8563,car,9205,9218
8565,car,9208,9222
8568,car,9210,9217
8569,car,9211,9221
8570,car,9211,9220
8571,car,9212,9220
8575,car,9215,9336
8578,car,9222,9232
8579,car,9222,9229
8580,car,9222,9237
8582,car,9225,9238
8584,car,9230,9243
8585,car,9230,9243
8591,car,9234,9247
8593,car,9235,9253
8594,truck,9238,9246
8596,truck,9240,9250
8604,car,9244,9263
8605,car,9244,9248
8607,car,9246,9261
8608,car,9247,9281
8611,car,9249,9260
8613,car,9250,9257
8616,car,9253,9261
8617,truck,9254,9259
8619,car,9254,9259
8620,car,9255,9261
8623,car,9257,9262
8624,truck,9257,9275
8626,car,9258,9272
8627,car,9259,9266
8630,truck,9261,9275
8632,truck,9262,9268
8636,car,9264,9284
8637,car,9265,9281
8638,car,9265,9267
8639,car,9270,9272
8643,car,9272,9278
8645,car,9272,9278
8649,car,9275,9290
8650,truck,9276,9293
8652,car,9278,9281
8654,truck,9279,9284
8656,car,9281,9293
8657,truck,9282,9289
8661,car,9285,9294
8662,car,9285,9297
8667,car,9288,9296
8669,car,9289,9306
8674,car,9295,9301
8675,car,9295,9299
8677,truck,9301,9311
8680,car,9304,9314
8681,car,9304,9315
8683,truck,9305,9311
8684,car,9306,9312
8688,car,9311,9315
8690,car,9312,9324
8692,car,9313,9327
8697,car,9316,9329
8700,car,9317,9356
8701,car,9318,9326
8703,car,9319,9321
8706,car,9324,9341
8710,bus,9325,9340
8712,car,9326,9331
8719,car,9330,9340
8723,car,9334,9338
8730,car,9337,9357
8731,car,9337,9348
8734,car,9339,9351
8735,car,9340,9351
8739,car,9345,9350
8743,car,9347,9353
8745,car,9349,9367
8746,truck,9350,9356
8752,car,9353,9359
8757,car,9359,9365
8758,car,9360,9365
8760,truck,9364,9381
8762,car,9366,9383
8767,bus,9372,9393
8776,car,9376,9386
8780,car,9378,9394
8783,car,9379,9391
8789,car,9385,9389
8790,truck,9386,9395
8791,car,9387,9398
8793,car,9388,9399
8798,car,9391,9398
8799,truck,9392,9400
8800,bus,9393,9395
8802,truck,9396,9418
8803,car,9397,9407
8807,car,9400,9408
8808,car,9401,9500
8812,car,9402,9411
8816,car,9406,9410
8817,truck,9406,9416
8821,car,9409,9440
8826,car,9410,9423
8828,car,9411,9416
8829,truck,9411,9461
8830,car,9411,9428
8832,truck,9412,9420
8833,car,9412,9414
8835,car,9414,9430
8839,car,9416,9425
8842,car,9419,9423
8848,car,9422,9433
8851,truck,9427,9443
8855,car,9431,9444
8866,car,9444,9465
8870,car,9446,9458
8872,car,9446,9455
8873,bus,9447,9470
8874,car,9448,9453
8875,car,9448,9462
8876,truck,9449,9456
8879,car,9451,9463
8883,car,9453,9459
8886,truck,9456,9474
8888,car,9458,9467
8891,car,9458,9464
8892,car,9458,9465
8898,car,9460,9468
8900,car,9461,9465
8904,car,9463,9476
8908,car,9465,9475
8910,car,9466,9469
8913,car,9468,9476
8916,car,9469,9481
8917,car,9470,9482
8921,car,9472,9475
8930,truck,9476,9489
8933,car,9476,9488
8934,car,9477,9479
8935,car,9477,9486
8936,car,9477,9485
8942,car,9481,9488
8951,car,9487,9493
8952,truck,9488,9496
8954,car,9489,9508
8957,car,9491,9493
8958,car,9491,9503
8960,car,9493,9499
8966,car,9498,9509
8970,car,9501,9559
8973,car,9504,9519
8975,car,9508,9517
8978,truck,9513,9587
8981,car,9517,9522
8982,car,9518,9525
8984,car,9520,9524
8986,car,9522,9531
8987,car,9522,9542
8988,truck,9523,9536
8989,car,9524,9531
8994,car,9531,9533
8998,car,9538,9568
9001,car,9540,9545
9002,car,9541,9544
9006,car,9546,9563
9009,car,9547,9557
9010,car,9548,9559
9015,car,9551,9559
9019,car,9555,9574
9021,car,9556,9578
9023,car,9560,9563
9024,car,9561,9571
9026,car,9562,9574
9032,truck,9567,9581
9035,truck,9569,9575
9040,truck,9572,9583
9041,car,9572,9577
9042,car,9575,9580
9046,car,9579,9596
9048,truck,9580,9593
9050,truck,9582,9595
9052,car,9586,9599
9057,car,9590,9598
9058,car,9591,9601
9063,car,9596,9614
9064,car,9596,9604
9071,car,9599,9613
9078,truck,9606,9618
9080,car,9607,9617
9083,car,9609,9620
9086,car,9611,9619
9088,car,9612,9619
9091,car,9615,9625
9092,car,9618,9623
9093,car,9619,9630
9095,car,9621,9744
9096,car,9622,9629
9098,car,9624,9630
9100,car,9625,9658
9101,car,9626,9633
9108,car,9630,9637
9110,car,9631,9643
9111,car,9631,9643
9114,car,9634,9652
9120,car,9638,9644
9123,car,9638,9643
9126,car,9642,9671
9128,truck,9643,9656
9130,car,9645,9659
9133,car,9648,9655
9137,truck,9653,9662
9138,car,9654,9666
9139,car,9655,9721
9145,car,9658,9680
9146,car,9659,9671
9147,car,9659,9666
9148,car,9660,9810
9149,car,9661,9666
9156,car,9667,9680
9159,truck,9668,9682
9164,car,9674,9685
9165,car,9675,9682
9169,car,9679,9685
9175,truck,9683,9696
9178,car,9688,9696
9181,car,9693,9703
9185,car,9696,9714
9186,car,9696,9704
9187,car,9696,9738
9193,car,9699,9710
9196,car,9700,9709
9198,car,9701,9731
9200,car,9705,9717
9202,car,9707,9754
9207,car,9709,9717
9211,car,9712,9723
9212,car,9713,9724
9216,car,9715,9728
9219,car,9718,9724
9221,car,9719,9733
9224,car,9724,9748
9225,car,9724,9733
9229,car,9729,9735
9231,car,9731,9736
9232,car,9731,9872
9233,car,9732,9738
9234,car,9734,9739
9239,car,9738,9753
9241,truck,9738,9754
9244,car,9741,9751
9245,car,9742,9747
9253,car,9747,9759
9255,car,9748,9756
9257,truck,9749,9758
9261,car,9752,9763
9264,car,9753,9764
9275,car,9769,9775
9278,car,9773,9782
9280,car,9774,9787
9286,car,9780,9784
9294,car,9783,9793
9295,truck,9783,9793
9300,car,9786,9795
9302,car,9788,9801
9305,car,9791,9816
9307,car,9793,9805
9308,car,9793,9827
9317,car,9800,9811
9321,truck,9801,9816
9324,car,9803,9819
9331,car,9814,9824
9333,truck,9819,9874
9336,truck,9822,9861
9338,car,9827,9835
9339,car,9829,9835
9348,car,9837,9850
9351,car,9838,9845
9353,car,9840,9852
9356,car,9843,9855
9357,car,9848,9852
9358,truck,9849,9858
9359,car,9851,9863
9362,truck,9853,9868
9363,car,9854,9861
9365,car,9856,9871
9368,car,9861,9866
9369,car,9861,9868
9372,car,9864,9872
9373,car,9865,9875
9378,car,9867,9875
9380,car,9870,9876
9381,car,9872,9875
9384,car,9874,9886
9385,car,9874,9882
9386,car,9875,9881
9389,car,9876,9885
9390,car,9878,9890
9393,car,9879,9883
9394,car,9880,9974
9395,car,9881,9888
9397,car,9883,9886
9398,car,9883,9890
9400,car,9885,9895
9402,car,9886,9894
9404,car,9887,9900
9410,car,9894,9907
9411,car,9895,9901
9415,car,9899,9907
9421,car,9908,9918
9423,car,9909,9914
9425,car,9911,9924
9427,car,9912,9917
9430,truck,9914,9919
9433,car,9914,9927
9435,car,9916,9940
9438,car,9919,9926
9442,car,9921,9939
9443,car,9922,9939
9445,car,9926,9941
9447,car,9931,9951
9454,truck,9935,9956
9456,car,9937,9947
9462,car,9941,9962
9463,car,9942,9954
9465,car,9942,9946
9466,car,9943,10003
9472,car,9948,9957
9474,car,9948,9962
9477,car,9952,9971
9478,car,9955,10013
9485,car,9964,10019
9487,car,9965,9979
9493,car,9968,9980
9494,car,9968,9990
9504,car,9977,9987
9511,car,9980,9996
9514,car,9981,9989
9516,car,9982,9991
9524,car,9988,10010
9525,car,9989,9999
9526,car,9989,9995
9531,car,9993,10005
9532,car,9994,10035
9534,car,9995,10004
9536,car,9997,10007
9540,car,10000,10007
9543,truck,10004,10014
9546,car,10008,10016
9551,car,10010,10020
9553,car,10011,10019
9554,car,10011,10020
9558,car,10013,10019
9560,car,10013,10022
9563,car,10017,10021
9564,truck,10017,10026
9565,truck,10017,10024
9570,car,10022,10028
9571,car,10023,10031
9572,car,10023,10031
9573,car,10024,10034
9576,car,10026,10040
9578,car,10030,10040
9579,car,10030,10041
9580,car,10032,10043
9584,car,10037,10042
9586,bus,10041,10080
9592,car,10045,10053
9593,car,10045,10053
9595,car,10048,10056
9596,truck,10048,10057
9605,truck,10054,10062
9607,car,10057,10065
9612,car,10062,10071
9616,car,10063,10088
9621,car,10066,10077
9625,car,10070,10079
9627,car,10071,10077
9632,car,10079,10151
9633,car,10079,10088
9634,car,10080,10090
9638,car,10084,10096
9639,car,10084,10095
9641,car,10085,10098
9643,car,10087,10094
9650,car,10092,10114
9653,car,10094,10098
9654,car,10095,10104
9661,car,10101,10124
9665,car,10113,10134
9667,car,10116,10123
9679,car,10125,10127
9680,car,10125,10130
9690,car,10132,10138
9692,truck,10139,10151
9696,car,10141,10158
9699,car,10145,10152
9700,car,10146,10155
9712,car,10159,10174
9714,car,10160,10190
9715,car,10161,10172
9716,car,10161,10171
9719,truck,10164,10172
9723,car,10168,10179
9724,truck,10171,10246
9726,truck,10173,10176
9729,truck,10177,10247
9732,car,10179,10191
9740,car,10184,10194
9742,car,10186,10226
9745,car,10187,10199
9746,car,10188,10193
9747,truck,10189,10221
9751,car,10190,10203
9756,car,10195,10205
9759,car,10196,10203
9763,car,10198,10208
9770,car,10206,10219
9772,car,10208,10213
9775,car,10211,10221
9777,car,10213,10250
9779,car,10215,10224
9784,car,10219,10228
9789,car,10222,10229
9793,car,10227,10229
9798,car,10231,10247
9799,car,10231,10244
9806,car,10238,10248
9807,car,10238,10249
9812,car,10241,10244
9813,car,10243,10250
9815,truck,10244,10262
9817,car,10248,10258
9819,car,10251,10258
9820,car,10252,10256
9822,car,10253,10269
9823,truck,10254,10270
9824,car,10255,10272
9825,car,10256,10264
9830,car,10260,10276
9831,car,10260,10269
9835,car,10263,10275
9838,truck,10267,10308
9839,car,10267,10281
9840,car,10268,10308
9842,car,10269,10283
9846,car,10274,10288
9847,car,10274,10283
9848,car,10276,10281
9853,car,10281,10292
9854,truck,10281,10294
9856,car,10283,10288
9858,car,10285,10294
9860,car,10287,10301
9863,truck,10289,10298
9867,car,10292,10297
9870,car,10293,10300
9871,truck,10293,10313
9875,car,10295,10301
9878,bus,10296,10306
9879,bus,10299,10328
9885,car,10302,10312
9891,car,10306,10312
9893,car,10309,10318
9895,car,10311,10409
9896,car,10311,10333
9905,bus,10318,10334
9906,car,10319,10326
9908,car,10321,10327
9909,car,10322,10328
9911,car,10323,10328
9912,car,10325,10331
9913,car,10325,10339
9915,car,10326,10332
9919,car,10328,10334
9920,car,10328,10335
9921,car,10328,10357
9929,car,10331,10338
9933,car,10332,10348
9939,car,10336,10338
9941,car,10337,10346
9943,car,10338,10349
9950,car,10355,10444
9958,car,10358,10380
9960,car,10359,10376
9961,car,10359,10364
9968,car,10366,10387
9969,car,10367,10375
9970,car,10369,10376
9974,truck,10372,10389
9978,car,10375,10384
9981,car,10382,10393
9982,car,10382,10489
9997,car,10395,10403
10000,car,10397,10409
10006,car,10404,10411
10007,car,10404,10411
10010,car,10407,10422
10013,car,10416,10426
10015,car,10418,10432
10017,car,10421,10427
10020,truck,10425,10435
10022,car,10426,10438
10023,car,10428,10442
10025,car,10430,10445
10029,car,10440,10457
10036,car,10447,10463
10040,car,10449,10459
10045,car,10455,10468
10046,car,10456,10467
10049,car,10459,10468
10053,car,10463,10473
10058,car,10468,10489
10059,car,10470,10481
10068,car,10480,10490
10071,car,10483,10514
10072,truck,10483,10493
10079,car,10486,10500
10082,car,10489,10493
10083,truck,10491,10503
10084,car,10491,10501
10086,truck,10493,10498
10093,truck,10496,10506
10095,car,10497,10511
10096,car,10498,10514
10100,car,10502,10511
10105,car,10506,10519
10107,car,10508,10514
10110,car,10511,10519
10114,truck,10515,10527
10117,car,10517,10528
10118,car,10518,10523
10123,car,10521,10523
10125,car,10523,10533
10126,car,10523,10532
10128,car,10524,10529
10133,car,10527,10538
10135,bus,10527,10540
10136,car,10528,10530
10141,car,10531,10544
10145,car,10533,10547
10146,car,10534,10541
10148,car,10536,10554
10149,car,10536,10545
10152,car,10540,10558
10153,car,10542,10563
10157,car,10543,10553
10160,car,10545,10575
10164,car,10546,10559
10167,car,10547,10557
10170,truck,10548,10559
10181,car,10553,10563
10183,car,10554,10560
10187,car,10557,10578
10188,car,10558,10566
10193,car,10561,10580
10195,car,10562,10569
10197,car,10563,10580
10198,car,10564,10593
10199,truck,10564,10570
10200,car,10565,10570
10205,car,10568,10580
10207,car,10569,10575
10214,car,10572,10580
10218,car,10574,10576
10223,car,10575,10584
10228,car,10577,10603
10229,car,10579,10584
10231,car,10580,10586
10233,car,10581,10587
10238,car,10583,10594
10239,car,10583,10595
10246,car,10588,10598
10247,car,10588,10596
10248,car,10589,10601
10251,car,10590,10602
10259,car,10595,10607
10260,car,10595,10610
10261,car,10595,10603
10262,car,10596,10606
10265,car,10597,10608
10267,car,10601,10614
10273,car,10606,10611
10278,truck,10608,10613
10283,car,10610,10623
10287,truck,10613,10621
10291,car,10614,10622
10294,car,10615,10622
10299,car,10619,10625
10304,car,10624,10637
10306,car,10624,10627
10308,car,10631,10641
10312,car,10633,10641
10313,car,10633,10667
10314,car,10634,10650
10316,truck,10634,10646
10317,car,10637,10650
10322,truck,10644,10652
10327,car,10649,10657
10331,car,10651,10684
10332,car,10651,10688
10334,car,10652,10661
10341,truck,10655,10662
10349,truck,10657,10670
10352,car,10659,10661
10353,car,10662,10693
10355,car,10664,10684
10358,car,10667,10675
10360,car,10668,10674
10364,car,10672,10680
10365,car,10672,10686
10373,truck,10680,10687
10374,car,10682,10690
10375,car,10683,10699
10378,car,10687,10699
10380,car,10688,10695
10386,car,10691,10693
10387,truck,10691,10699
10394,car,10699,10703
10395,car,10699,10704
10396,truck,10701,10709
10398,car,10703,10722
10399,truck,10705,10710
10402,car,10709,10723
10403,car,10710,10712
10410,car,10718,10726
10411,truck,10718,10726
10415,car,10722,10741
10417,car,10724,10740
10426,truck,10732,10742
10429,car,10733,10749
10430,car,10734,10744
10434,car,10739,10752
10438,car,10744,10750
10443,truck,10748,10753
10447,car,10752,10763
10449,car,10753,10758
10452,car,10754,10760
10453,car,10754,10763
10456,car,10757,10765
10461,car,10761,10769
10466,car,10765,10771
10468,car,10768,10771
10470,car,10770,10771
